row_id,round,n1,n2,n3,n4,n5,n6,bonus,rank_text,winner_count,prize_amount,numbers,sum_main,odd_count,even_count,low_count,high_count
1214,1,10,23,29,33,37,40,16,1등,0,0,"10,23,29,33,37,40",172,4,2,1,5
1213,2,9,13,21,25,32,42,2,1등,1,2002006800,"9,13,21,25,32,42",142,4,2,3,3
1212,3,11,16,19,21,27,31,30,1등,1,2000000000,"11,16,19,21,27,31",125,5,1,4,2
1211,4,14,27,30,31,40,42,2,1등,0,0,"14,27,30,31,40,42",184,2,4,1,5
1210,5,16,24,29,40,41,42,3,1등,0,0,"16,24,29,40,41,42",192,2,4,1,5
1209,6,14,15,26,27,40,42,34,1등,1,6574451700,"14,15,26,27,40,42",164,2,4,2,4
1208,7,2,9,16,25,26,40,42,1등,0,0,"2,9,16,25,26,40",118,2,4,3,3
1207,8,8,19,25,34,37,39,9,1등,0,0,"8,19,25,34,37,39",162,4,2,2,4
1206,9,2,4,16,17,36,39,14,1등,0,0,"2,4,16,17,36,39",114,2,4,4,2
1205,10,9,25,30,33,41,44,6,1등,13,6430437900,"9,25,30,33,41,44",182,4,2,1,5
1204,11,1,7,36,37,41,42,14,1등,5,4780152300,"1,7,36,37,41,42",164,4,2,2,4
1203,12,2,11,21,25,39,45,44,1등,12,1348845700,"2,11,21,25,39,45",143,5,1,3,3
1202,13,22,23,25,37,38,42,26,1등,0,0,"22,23,25,37,38,42",187,3,3,1,5
1201,14,2,6,12,31,33,40,15,1등,4,9375048300,"2,6,12,31,33,40",124,2,4,3,3
1200,15,3,4,16,30,31,37,13,1등,1,17014245000,"3,4,16,30,31,37",121,3,3,3,3
1199,16,6,7,24,37,38,40,33,1등,4,4377146100,"6,7,24,37,38,40",152,2,4,2,4
1198,17,3,4,9,17,32,37,1,1등,3,5349491200,"3,4,9,17,32,37",102,4,2,4,2
1197,18,3,12,13,19,32,35,29,1등,0,0,"3,12,13,19,32,35",114,4,2,4,2
1196,19,6,30,38,39,40,43,26,1등,1,40722959400,"6,30,38,39,40,43",196,2,4,1,5
1195,20,10,14,18,20,23,30,41,1등,1,19352212800,"10,14,18,20,23,30",115,1,5,4,2
1194,21,6,12,17,18,31,32,21,1등,23,797475400,"6,12,17,18,31,32",116,2,4,4,2
1193,22,4,5,6,8,17,39,25,1등,4,4552194900,"4,5,6,8,17,39",79,3,3,5,1
1192,23,5,13,17,18,33,42,44,1등,4,4317947700,"5,13,17,18,33,42",128,4,2,4,2
1191,24,7,8,27,29,36,43,6,1등,0,0,"7,8,27,29,36,43",150,4,2,2,4
1190,25,2,4,21,26,43,44,16,1등,2,24227745300,"2,4,21,26,43,44",140,2,4,3,3
1189,26,4,5,7,18,20,25,31,1등,5,3495069900,"4,5,7,18,20,25",79,3,3,5,1
1188,27,1,20,26,28,37,43,27,1등,2,9543982500,"1,20,26,28,37,43",155,3,3,2,4
1187,28,9,18,23,25,35,37,1,1등,10,1700361100,"9,18,23,25,35,37",147,5,1,2,4
1186,29,1,5,13,34,39,40,11,1등,5,3552594000,"1,5,13,34,39,40",132,4,2,3,3
1185,30,8,17,20,35,36,44,4,1등,2,8728555500,"8,17,20,35,36,44",160,2,4,3,3
1184,31,7,9,18,23,28,35,32,1등,2,8106672900,"7,9,18,23,28,35",120,4,2,3,3
1183,32,6,14,19,25,34,44,11,1등,10,1634528300,"6,14,19,25,34,44",142,2,4,3,3
1182,33,4,7,32,33,40,41,9,1등,1,14903517600,"4,7,32,33,40,41",157,3,3,2,4
1181,34,9,26,35,37,40,42,2,1등,5,3056918000,"9,26,35,37,40,42",189,3,3,1,5
1180,35,2,3,11,26,37,43,39,1등,3,5054598200,"2,3,11,26,37,43",122,4,2,3,3
1179,36,1,10,23,26,28,40,31,1등,1,16014475800,"1,10,23,26,28,40",128,2,4,2,4
1178,37,7,27,30,33,35,37,42,1등,3,4985999400,"7,27,30,33,35,37",169,5,1,1,5
1177,38,16,17,22,30,37,43,36,1등,3,5374866400,"16,17,22,30,37,43",165,3,3,3,3
1176,39,6,7,13,15,21,43,8,1등,6,2623748800,"6,7,13,15,21,43",105,5,1,5,1
1175,40,7,13,18,19,25,26,6,1등,13,1147652400,"7,13,18,19,25,26",108,4,2,4,2
1174,41,13,20,23,35,38,43,34,1등,0,0,"13,20,23,35,38,43",172,4,2,2,4
1173,42,17,18,19,21,23,32,1,1등,6,6899280100,"17,18,19,21,23,32",130,4,2,4,2
1172,43,6,31,35,38,39,44,1,1등,1,17749630800,"6,31,35,38,39,44",193,3,3,1,5
1171,44,3,11,21,30,38,45,39,1등,5,3362155800,"3,11,21,30,38,45",148,4,2,3,3
1170,45,1,10,20,27,33,35,17,1등,2,8356417800,"1,10,20,27,33,35",126,4,2,3,3
1169,46,8,13,15,23,31,38,39,1등,3,5327758800,"8,13,15,23,31,38",128,4,2,3,3
1168,47,14,17,26,31,36,45,27,1등,5,3250042400,"14,17,26,31,36,45",169,3,3,2,4
1167,48,6,10,18,26,37,38,3,1등,6,2415673600,"6,10,18,26,37,38",135,1,5,3,3
1166,49,4,7,16,19,33,40,30,1등,7,1967504600,"4,7,16,19,33,40",119,3,3,4,2
1165,50,2,10,12,15,22,44,1,1등,3,5227061400,"2,10,12,15,22,44",105,1,5,5,1
1164,51,2,3,11,16,26,44,35,1등,6,2421117000,"2,3,11,16,26,44",102,2,4,4,2
1163,52,2,4,15,16,20,29,1,1등,4,3900844900,"2,4,15,16,20,29",86,2,4,5,1
1162,53,7,8,14,32,33,39,42,1등,3,5014371000,"7,8,14,32,33,39",133,3,3,3,3
1161,54,1,8,21,27,36,39,37,1등,3,5148626600,"1,8,21,27,36,39",132,4,2,3,3
1160,55,17,21,31,37,40,44,7,1등,2,7088799600,"17,21,31,37,40,44",190,4,2,2,4
1159,56,10,14,30,31,33,37,19,1등,4,3777570900,"10,14,30,31,33,37",155,3,3,2,4
1158,57,7,10,16,25,29,44,6,1등,4,4114411900,"7,10,16,25,29,44",131,3,3,3,3
1157,58,10,24,25,33,40,44,1,1등,4,3676429200,"10,24,25,33,40,44",176,2,4,1,5
1156,59,6,29,36,39,41,45,13,1등,4,4127587300,"6,29,36,39,41,45",196,4,2,1,5
1155,60,2,8,25,36,39,42,11,1등,7,2172504600,"2,8,25,36,39,42",152,2,4,2,4
1154,61,14,15,19,30,38,43,8,1등,5,3541038800,"14,15,19,30,38,43",159,3,3,3,3
1153,62,3,8,15,27,29,35,21,1등,1,15817286400,"3,8,15,27,29,35",117,5,1,3,3
1152,63,3,20,23,36,38,40,5,1등,2,7922245500,"3,20,23,36,38,40",160,2,4,2,4
1151,64,14,15,18,21,26,36,39,1등,4,3899818000,"14,15,18,21,26,36",130,2,4,4,2
1150,65,4,25,33,36,40,43,39,1등,4,3727945800,"4,25,33,36,40,43",181,3,3,1,5
1149,66,2,3,7,17,22,24,45,1등,4,3685138200,"2,3,7,17,22,24",75,3,3,5,1
1148,67,3,7,10,15,36,38,33,1등,7,2114436500,"3,7,10,15,36,38",109,3,3,4,2
1147,68,10,12,15,16,26,39,38,1등,5,2945882100,"10,12,15,16,26,39",118,2,4,4,2
1146,69,5,8,14,15,19,39,35,1등,3,4962712200,"5,8,14,15,19,39",100,4,2,5,1
1145,70,5,19,22,25,28,43,26,1등,3,5031277800,"5,19,22,25,28,43",142,4,2,3,3
1144,71,5,9,12,16,29,41,21,1등,0,0,"5,9,12,16,29,41",112,4,2,4,2
1143,72,2,4,11,17,26,27,1,1등,13,3260524600,"2,4,11,17,26,27",87,3,3,4,2
1142,73,3,12,18,32,40,43,38,1등,6,2766662100,"3,12,18,32,40,43",148,2,4,3,3
1141,74,6,15,17,18,35,40,23,1등,3,5284949800,"6,15,17,18,35,40",131,3,3,4,2
1140,75,2,5,24,32,34,44,28,1등,4,3914616900,"2,5,24,32,34,44",141,1,5,2,4
1139,76,1,3,15,22,25,37,43,1등,2,7451022600,"1,3,15,22,25,37",103,5,1,4,2
1138,77,2,18,29,32,43,44,37,1등,3,5155758600,"2,18,29,32,43,44",168,2,4,2,4
1137,78,10,13,25,29,33,35,38,1등,4,3519850000,"10,13,25,29,33,35",145,5,1,2,4
1136,79,3,12,24,27,30,32,14,1등,4,3416443800,"3,12,24,27,30,32",128,2,4,2,4
1135,80,17,18,24,25,26,30,1,1등,1,13809540000,"17,18,24,25,26,30",140,2,4,2,4
1134,81,5,7,11,13,20,33,6,1등,5,2714288880,"5,7,11,13,20,33",89,5,1,5,1
1133,82,1,2,3,14,27,42,39,1등,1,14562494400,"1,2,3,14,27,42",89,3,3,4,2
1132,83,6,10,15,17,19,34,14,1등,2,7086948300,"6,10,15,17,19,34",101,3,3,5,1
1131,84,16,23,27,34,42,45,11,1등,2,7669779000,"16,23,27,34,42,45",187,3,3,1,5
1130,85,6,8,13,23,31,36,21,1등,4,3462109800,"6,8,13,23,31,36",117,3,3,3,3
1129,86,2,12,37,39,41,45,33,1등,1,14252186400,"2,12,37,39,41,45",176,4,2,2,4
1128,87,4,12,16,23,34,43,26,1등,11,1799358055,"4,12,16,23,34,43",132,2,4,3,3
1127,88,1,17,20,24,30,41,27,1등,4,3069709650,"1,17,20,24,30,41",133,3,3,3,3
1126,89,4,26,28,29,33,40,37,1등,3,4248321900,"4,26,28,29,33,40",160,2,4,1,5
1125,90,17,20,29,35,38,44,10,1등,4,3291435300,"17,20,29,35,38,44",183,3,3,2,4
1124,91,1,21,24,26,29,42,27,1등,4,3582902400,"1,21,24,26,29,42",143,3,3,2,4
1123,92,3,14,24,33,35,36,17,1등,11,1233270846,"3,14,24,33,35,36",145,3,3,2,4
1122,93,6,22,24,36,38,44,19,1등,6,2269178150,"6,22,24,36,38,44",170,0,6,2,4
1121,94,5,32,34,40,41,45,6,1등,6,2245339950,"5,32,34,40,41,45",197,3,3,1,5
1120,95,8,17,27,31,34,43,14,1등,8,1747741238,"8,17,27,31,34,43",160,4,2,2,4
1119,96,1,3,8,21,22,31,20,1등,7,1847133515,"1,3,8,21,22,31",86,4,2,5,1
1118,97,6,7,14,15,20,36,3,1등,9,1496214000,"6,7,14,15,20,36",98,2,4,5,1
1117,98,6,9,16,23,24,32,43,1등,4,3177972300,"6,9,16,23,24,32",110,2,4,3,3
1116,99,1,3,10,27,29,37,11,1등,6,2169219050,"1,3,10,27,29,37",107,5,1,3,3
1115,100,1,7,11,23,37,42,6,1등,4,3315315525,"1,7,11,23,37,42",121,5,1,3,3
1114,101,1,3,17,32,35,45,8,1등,5,2707297500,"1,3,17,32,35,45",133,5,1,3,3
1113,102,17,22,24,26,35,40,42,1등,9,1457153067,"17,22,24,26,35,40",164,2,4,2,4
1112,103,5,14,15,27,30,45,10,1등,8,1691589563,"5,14,15,27,30,45",136,4,2,3,3
1111,104,17,32,33,34,42,44,35,1등,2,6610743750,"17,32,33,34,42,44",202,2,4,1,5
1110,105,8,10,20,34,41,45,28,1등,4,3416781450,"8,10,20,34,41,45",158,2,4,3,3
1109,106,4,10,12,22,24,33,29,1등,16,810461157,"4,10,12,22,24,33",105,1,5,4,2
1108,107,1,4,5,6,9,31,17,1등,2,6679927800,"1,4,5,6,9,31",56,4,2,5,1
1107,108,7,18,22,23,29,44,12,1등,7,1998900772,"7,18,22,23,29,44",143,3,3,3,3
1106,109,1,5,34,36,42,44,33,1등,12,1246838200,"1,5,34,36,42,44",162,2,4,2,4
1105,110,7,20,22,23,29,43,1,1등,3,4566262000,"7,20,22,23,29,43",144,4,2,3,3
1104,111,7,18,31,33,36,40,27,1등,6,2199047450,"7,18,31,33,36,40",165,3,3,2,4
1103,112,26,29,30,33,41,42,43,1등,9,1567271167,"26,29,30,33,41,42",201,3,3,0,6
1102,113,4,9,28,33,36,45,26,1등,9,1561528934,"4,9,28,33,36,45",155,3,3,2,4
1101,114,11,14,19,26,28,41,2,1등,6,2362345050,"11,14,19,26,28,41",139,3,3,3,3
1100,115,1,2,6,9,25,28,31,1등,9,1488589567,"1,2,6,9,25,28",71,3,3,4,2
1099,116,2,4,25,31,34,37,17,1등,7,1997747315,"2,4,25,31,34,37",133,3,3,2,4
1098,117,5,10,22,34,36,44,35,1등,9,1558378334,"5,10,22,34,36,44",151,1,5,3,3
1097,118,3,4,10,17,19,22,38,1등,10,1297989720,"3,4,10,17,19,22",75,3,3,6,0
1096,119,3,11,13,14,17,21,38,1등,9,1474899400,"3,11,13,14,17,21",79,5,1,6,0
1095,120,4,6,10,11,32,37,30,1등,3,4364530300,"4,6,10,11,32,37",100,2,4,4,2
1094,121,12,28,30,34,38,43,9,1등,2,6839648100,"12,28,30,34,38,43",185,1,5,1,5
1093,122,1,11,16,17,36,40,8,1등,9,1450073800,"1,11,16,17,36,40",121,3,3,4,2
1092,123,7,17,18,28,30,45,27,1등,5,2532982680,"7,17,18,28,30,45",145,3,3,3,3
1091,124,4,16,23,25,29,42,1,1등,9,1395936267,"4,16,23,25,29,42",139,3,3,2,4
1090,125,2,8,32,33,35,36,18,1등,7,1754870786,"2,8,32,33,35,36",146,2,4,2,4
1089,126,7,20,22,27,40,43,1,1등,9,1369301500,"7,20,22,27,40,43",159,3,3,3,3
1088,127,3,5,10,29,32,43,35,1등,6,1965939150,"3,5,10,29,32,43",122,4,2,3,3
1087,128,12,30,34,36,37,45,39,1등,6,2064043100,"12,30,34,36,37,45",194,2,4,1,5
1086,129,19,23,25,28,38,42,17,1등,11,1093629655,"19,23,25,28,38,42",175,3,3,1,5
1085,130,7,19,24,27,42,45,31,1등,4,3036496650,"7,19,24,27,42,45",164,4,2,2,4
1084,131,8,10,11,14,15,21,37,1등,8,1451214488,"8,10,11,14,15,21",79,3,3,6,0
1083,132,3,17,23,34,41,45,43,1등,4,2920473525,"3,17,23,34,41,45",163,5,1,2,4
1082,133,4,7,15,18,23,26,13,1등,8,1450242600,"4,7,15,18,23,26",93,3,3,4,2
1081,134,3,12,20,23,31,35,43,1등,5,2349155100,"3,12,20,23,31,35",124,4,2,3,3
1080,135,6,14,22,28,35,39,16,1등,7,1717293515,"6,14,22,28,35,39",144,2,4,3,3
1079,136,2,16,30,36,41,42,11,1등,6,1997694150,"2,16,30,36,41,42",167,1,5,2,4
1078,137,7,9,20,25,36,39,15,1등,9,1270403467,"7,9,20,25,36,39",136,4,2,3,3
1077,138,10,11,27,28,37,39,19,1등,5,2227152000,"10,11,27,28,37,39",152,4,2,2,4
1076,139,9,11,15,20,28,43,13,1등,7,1650210215,"9,11,15,20,28,43",126,4,2,4,2
1075,140,3,13,17,18,19,28,8,1등,5,2109462840,"3,13,17,18,19,28",98,4,2,5,1
1074,141,8,12,29,31,42,43,2,1등,6,1900552400,"8,12,29,31,42,43",165,3,3,2,4
1073,142,12,16,30,34,40,44,19,1등,11,1018265564,"12,16,30,34,40,44",176,0,6,2,4
1072,143,26,27,28,42,43,45,8,1등,3,3954584700,"26,27,28,42,43,45",211,3,3,0,6
1071,144,4,15,17,26,36,37,43,1등,8,1402440413,"4,15,17,26,36,37",135,3,3,3,3
1070,145,2,3,13,20,27,44,9,1등,3,3797838200,"2,3,13,20,27,44",109,3,3,4,2
1069,146,2,19,27,35,41,42,25,1등,2,6043415250,"2,19,27,35,41,42",166,4,2,2,4
1068,147,4,6,13,21,40,42,36,1등,7,1700040215,"4,6,13,21,40,42",126,2,4,4,2
1067,148,21,25,33,34,35,36,17,1등,5,2323596420,"21,25,33,34,35,36",184,4,2,1,5
1066,149,2,11,21,34,41,42,27,1등,7,1639052143,"2,11,21,34,41,42",151,3,3,3,3
1065,150,2,18,25,28,37,39,16,1등,4,2831645850,"2,18,25,28,37,39",149,3,3,2,4
1064,151,1,2,10,13,18,19,15,1등,4,2716634025,"1,2,10,13,18,19",63,3,3,6,0
1063,152,1,5,13,26,29,34,43,1등,5,2278131840,"1,5,13,26,29,34",108,4,2,3,3
1062,153,3,8,11,12,13,36,33,1등,4,2730526125,"3,8,11,12,13,36",83,3,3,5,1
1061,154,6,19,21,35,40,45,20,1등,4,2836628700,"6,19,21,35,40,45",166,4,2,3,3
1060,155,16,19,20,32,33,41,4,1등,9,1193005734,"16,19,20,32,33,41",161,3,3,3,3
1059,156,5,18,28,30,42,45,2,1등,8,1401099900,"5,18,28,30,42,45",168,2,4,2,4
1058,157,19,26,30,33,35,39,37,1등,2,5484903750,"19,26,30,33,35,39",182,4,2,1,5
1057,158,4,9,13,18,21,34,7,1등,10,1069544340,"4,9,13,18,21,34",99,3,3,5,1
1056,159,1,18,30,41,42,43,32,1등,6,1755407300,"1,18,30,41,42,43",175,3,3,2,4
1055,160,3,7,8,34,39,41,1,1등,2,5490805350,"3,7,8,34,39,41",132,4,2,3,3
1054,161,22,34,36,40,42,45,44,1등,7,1996876272,"22,34,36,40,42,45",219,1,5,1,5
1053,162,1,5,21,25,38,41,24,1등,5,2308265760,"1,5,21,25,38,41",131,5,1,3,3
1052,163,7,11,26,28,29,44,16,1등,7,1629726515,"7,11,26,28,29,44",145,3,3,2,4
1051,164,6,9,10,11,39,41,27,1등,3,4054937900,"6,9,10,11,39,41",116,4,2,4,2
1050,165,5,13,18,19,22,42,31,1등,2,6767426700,"5,13,18,19,22,42",119,3,3,5,1
1049,166,9,12,27,36,39,45,14,1등,11,1111299982,"9,12,27,36,39,45",168,4,2,2,4
1048,167,24,27,28,30,36,39,4,1등,5,2491222920,"24,27,28,30,36,39",184,2,4,0,6
1047,168,3,10,31,40,42,43,30,1등,5,2349946920,"3,10,31,40,42,43",169,3,3,2,4
1046,169,16,27,35,37,43,45,19,1등,5,2482888380,"16,27,35,37,43,45",203,5,1,1,5
1045,170,2,11,13,15,31,42,10,1등,6,1923108250,"2,11,13,15,31,42",114,4,2,4,2
1044,171,4,16,25,29,34,35,1,1등,6,1961339700,"4,16,25,29,34,35",143,3,3,2,4
1043,172,4,19,21,24,26,41,35,1등,11,1081154073,"4,19,21,24,26,41",135,3,3,3,3
1042,173,3,9,24,30,33,34,18,1등,8,1487736788,"3,9,24,30,33,34",133,3,3,2,4
1041,174,13,14,18,22,35,39,16,1등,7,1771103058,"13,14,18,22,35,39",141,3,3,4,2
1040,175,19,26,28,31,33,36,17,1등,5,2371132620,"19,26,28,31,33,36",173,3,3,1,5
1039,176,4,17,30,32,33,34,15,1등,5,2314663080,"4,17,30,32,33,34",150,2,4,2,4
1038,177,1,10,13,16,37,43,6,1등,7,1693285500,"1,10,13,16,37,43",120,4,2,4,2
1037,178,1,5,11,12,18,23,9,1등,5,2254621080,"1,5,11,12,18,23",70,4,2,5,1
1036,179,5,9,17,25,39,43,32,1등,10,1081093920,"5,9,17,25,39,43",138,6,0,3,3
1035,180,2,15,20,21,29,34,22,1등,2,5763371550,"2,15,20,21,29,34",121,3,3,4,2
1034,181,14,21,23,32,40,45,44,1등,6,1941763300,"14,21,23,32,40,45",175,3,3,2,4
1033,182,13,15,27,29,34,40,35,1등,3,3721439400,"13,15,27,29,34,40",158,4,2,2,4
1032,183,2,18,24,34,40,42,5,1등,6,1777221500,"2,18,24,34,40,42",160,0,6,2,4
1031,184,1,2,6,16,20,33,41,1등,6,1747753050,"1,2,6,16,20,33",78,2,4,5,1
1030,185,1,2,4,8,19,38,14,1등,3,3522485800,"1,2,4,8,19,38",72,2,4,5,1
1029,186,4,10,14,19,21,45,9,1등,9,1187882600,"4,10,14,19,21,45",113,3,3,5,1
1028,187,1,2,8,18,29,38,42,1등,7,1544733900,"1,2,8,18,29,38",96,2,4,4,2
1027,188,19,24,27,30,31,34,36,1등,3,3501405200,"19,24,27,30,31,34",165,3,3,1,5
1026,189,8,14,32,35,37,45,28,1등,3,3461775100,"8,14,32,35,37,45",171,3,3,2,4
1025,190,8,14,18,30,31,44,15,1등,6,1784159450,"8,14,18,30,31,44",145,1,5,3,3
1024,191,5,6,24,25,32,37,8,1등,4,2577114675,"5,6,24,25,32,37",129,3,3,2,4
1023,192,4,8,11,18,37,45,33,1등,4,2445348375,"4,8,11,18,37,45",123,3,3,4,2
1022,193,6,14,18,26,36,39,13,1등,3,3404449700,"6,14,18,26,36,39",139,1,5,3,3
1021,194,15,20,23,26,39,44,28,1등,4,2650567875,"15,20,23,26,39,44",167,3,3,2,4
1020,195,7,10,19,22,35,40,31,1등,11,918992591,"7,10,19,22,35,40",133,3,3,4,2
1019,196,35,36,37,41,44,45,30,1등,15,727876520,"35,36,37,41,44,45",238,4,2,0,6
1018,197,7,12,16,34,42,45,4,1등,6,1803018300,"7,12,16,34,42,45",156,2,4,3,3
1017,198,12,19,20,25,41,45,2,1등,6,1797855050,"12,19,20,25,41,45",162,4,2,3,3
1016,199,14,21,22,25,30,36,43,1등,2,5344252200,"14,21,22,25,30,36",148,2,4,3,3
1015,200,5,6,13,14,17,20,7,1등,8,1344616613,"5,6,13,14,17,20",75,3,3,6,0
1014,201,3,11,24,38,39,44,26,1등,1,9719465400,"3,11,24,38,39,44",159,3,3,2,4
1013,202,12,14,27,33,39,44,17,1등,6,1893391700,"12,14,27,33,39,44",169,3,3,2,4
1012,203,1,3,11,24,30,32,7,1등,5,2164564740,"1,3,11,24,30,32",101,3,3,3,3
1011,204,3,12,14,35,40,45,5,1등,8,1358347125,"3,12,14,35,40,45",149,3,3,3,3
1010,205,1,3,21,29,35,37,30,1등,6,1835221800,"1,3,21,29,35,37",126,6,0,3,3
1009,206,1,2,3,15,20,25,43,1등,5,2032859340,"1,2,3,15,20,25",66,4,2,5,1
1008,207,3,11,14,31,32,37,38,1등,5,2104673760,"3,11,14,31,32,37",128,4,2,3,3
1007,208,14,25,31,34,40,44,24,1등,6,1760767400,"14,25,31,34,40,44",188,2,4,1,5
1006,209,2,7,18,20,24,33,37,1등,6,1660896350,"2,7,18,20,24,33",104,2,4,4,2
1005,210,10,19,22,23,25,37,39,1등,2,5139085950,"10,19,22,23,25,37",136,4,2,3,3
1004,211,12,13,17,20,33,41,8,1등,10,1035800250,"12,13,17,20,33,41",136,4,2,4,2
1003,212,11,12,18,21,31,38,8,1등,4,2660747250,"11,12,18,21,31,38",131,3,3,4,2
1002,213,2,3,4,5,20,24,42,1등,8,1376678025,"2,3,4,5,20,24",58,2,4,5,1
1001,214,5,7,20,25,28,37,32,1등,8,1406980875,"5,7,20,25,28,37",122,4,2,3,3
1000,215,2,3,7,15,43,44,4,1등,7,1587689615,"2,3,7,15,43,44",114,4,2,4,2
999,216,7,16,17,33,36,40,1,1등,13,848506108,"7,16,17,33,36,40",149,3,3,3,3
998,217,16,20,27,33,35,39,38,1등,7,1611246172,"16,20,27,33,35,39",170,4,2,2,4
997,218,1,8,14,18,29,44,20,1등,4,2779075800,"1,8,14,18,29,44",114,2,4,4,2
996,219,4,11,20,26,35,37,16,1등,9,1208409167,"4,11,20,26,35,37",133,3,3,3,3
995,220,5,11,19,21,34,43,31,1등,6,1958094950,"5,11,19,21,34,43",133,5,1,4,2
994,221,2,20,33,35,37,40,10,1등,6,1800104250,"2,20,33,35,37,40",167,3,3,2,4
993,222,5,7,28,29,39,43,44,1등,5,2275193820,"5,7,28,29,39,43",151,5,1,2,4
992,223,1,3,18,20,26,27,38,1등,7,1498170600,"1,3,18,20,26,27",95,3,3,4,2
991,224,4,19,26,27,30,42,7,1등,6,1808969950,"4,19,26,27,30,42",148,2,4,2,4
990,225,5,11,13,19,31,36,7,1등,6,1777201800,"5,11,13,19,31,36",115,5,1,4,2
989,226,2,6,8,14,21,22,34,1등,6,1744100150,"2,6,8,14,21,22",73,1,5,6,0
988,227,4,5,15,16,22,42,2,1등,2,5253542400,"4,5,15,16,22,42",104,2,4,5,1
987,228,17,25,35,36,39,44,23,1등,9,1146700334,"17,25,35,36,39,44",196,4,2,1,5
986,229,4,5,9,11,23,38,35,1등,7,1451441100,"4,5,9,11,23,38",90,4,2,4,2
985,230,5,11,14,29,32,33,12,1등,8,1292929163,"5,11,14,29,32,33",124,4,2,3,3
984,231,5,10,19,31,44,45,27,1등,9,1088365900,"5,10,19,31,44,45",154,4,2,3,3
983,232,8,9,10,12,24,44,35,1등,9,1110918400,"8,9,10,12,24,44",107,1,5,4,2
982,233,4,6,13,17,28,40,39,1등,10,999153750,"4,6,13,17,28,40",108,2,4,4,2
981,234,13,21,22,24,26,37,4,1등,4,2519743875,"13,21,22,24,26,37",143,3,3,3,3
980,235,21,22,26,27,31,37,8,1등,3,3433330100,"21,22,26,27,31,37",164,4,2,2,4
979,236,1,4,8,13,37,39,7,1등,2,5030040150,"1,4,8,13,37,39",102,4,2,4,2
978,237,1,11,17,21,24,44,33,1등,7,1440630729,"1,11,17,21,24,44",118,4,2,4,2
977,238,2,4,15,28,31,34,35,1등,9,1121660567,"2,4,15,28,31,34",114,2,4,3,3
976,239,11,15,24,39,41,44,7,1등,9,1134140167,"11,15,24,39,41,44",174,4,2,2,4
975,240,6,10,16,40,41,43,21,1등,2,5098251450,"6,10,16,40,41,43",156,2,4,3,3
974,241,2,16,24,27,28,35,21,1등,4,2552016300,"2,16,24,27,28,35",132,2,4,2,4
973,242,4,19,20,21,32,34,43,1등,8,1234542375,"4,19,20,21,32,34",130,2,4,4,2
972,243,2,12,17,19,28,42,34,1등,4,2408850000,"2,12,17,19,28,42",120,2,4,4,2
971,244,13,16,25,36,37,38,19,1등,1,9121583100,"13,16,25,36,37,38",165,3,3,2,4
970,245,9,11,27,31,32,38,22,1등,7,1382583129,"9,11,27,31,32,38",148,4,2,2,4
969,246,13,18,21,23,26,39,15,1등,5,1911774240,"13,18,21,23,26,39",140,4,2,3,3
968,247,12,15,28,36,39,40,13,1등,6,1669313900,"12,15,28,36,39,40",170,2,4,2,4
967,248,3,8,17,23,38,45,13,1등,8,1227479363,"3,8,17,23,38,45",134,4,2,3,3
966,249,3,8,27,31,41,44,11,1등,6,1663568700,"3,8,27,31,41,44",154,4,2,2,4
965,250,19,23,30,37,43,45,38,1등,5,1994726280,"19,23,30,37,43,45",197,5,1,1,5
964,251,6,7,19,25,28,38,45,1등,8,1282616400,"6,7,19,25,28,38",123,3,3,3,3
963,252,14,23,26,31,39,45,28,1등,7,1391089715,"14,23,26,31,39,45",178,4,2,1,5
962,253,8,19,25,31,34,36,33,1등,4,2466189525,"8,19,25,31,34,36",153,3,3,2,4
961,254,1,5,19,20,24,30,27,1등,1,9741015900,"1,5,19,20,24,30",99,3,3,4,2
960,255,1,5,6,24,27,42,32,1등,6,1598618550,"1,5,6,24,27,42",105,3,3,3,3
959,256,4,11,14,21,23,43,32,1등,2,4891017000,"4,11,14,21,23,43",116,4,2,4,2
958,257,6,13,27,31,32,37,4,1등,4,2391377025,"6,13,27,31,32,37",146,4,2,2,4
957,258,14,27,30,31,38,40,17,1등,4,2426434350,"14,27,30,31,38,40",180,2,4,1,5
956,259,4,5,14,35,42,45,34,1등,2,4838533500,"4,5,14,35,42,45",145,3,3,3,3
955,260,7,12,15,24,37,40,43,1등,4,2310085575,"7,12,15,24,37,40",135,3,3,3,3
954,261,6,11,16,18,31,43,2,1등,3,3192299100,"6,11,16,18,31,43",125,3,3,4,2
953,262,9,12,24,25,29,31,36,1등,2,4518741600,"9,12,24,25,29,31",130,4,2,2,4
952,263,1,27,28,32,37,40,18,1등,6,1551704900,"1,27,28,32,37,40",165,3,3,1,5
951,264,9,16,27,36,41,44,5,1등,7,1344889200,"9,16,27,36,41,44",173,3,3,2,4
950,265,5,9,34,37,38,39,12,1등,8,1200838575,"5,9,34,37,38,39",162,4,2,2,4
949,266,3,4,9,11,22,42,37,1등,3,3207211700,"3,4,9,11,22,42",91,3,3,5,1
948,267,7,8,24,34,36,41,1,1등,3,3257663300,"7,8,24,34,36,41",150,2,4,2,4
947,268,3,10,19,24,32,45,12,1등,7,1350954515,"3,10,19,24,32,45",133,3,3,3,3
946,269,5,18,20,36,42,43,32,1등,5,1961399940,"5,18,20,36,42,43",164,2,4,3,3
945,270,5,9,12,20,21,26,27,1등,5,1927830060,"5,9,12,20,21,26",93,3,3,5,1
944,271,3,8,9,27,29,40,36,1등,6,1565918150,"3,8,9,27,29,40",116,4,2,3,3
943,272,7,9,12,27,39,43,28,1등,9,1104622800,"7,9,12,27,39,43",137,5,1,3,3
942,273,1,8,24,31,34,44,6,1등,3,3339543100,"1,8,24,31,34,44",142,2,4,2,4
941,274,13,14,15,26,35,39,25,1등,4,2505085575,"13,14,15,26,35,39",142,4,2,3,3
940,275,14,19,20,35,38,40,26,1등,1,10044066900,"14,19,20,35,38,40",166,2,4,3,3
939,276,4,15,21,33,39,41,25,1등,3,3312569000,"4,15,21,33,39,41",153,5,1,3,3
938,277,10,12,13,15,25,29,20,1등,3,3272627800,"10,12,13,15,25,29",104,4,2,4,2
937,278,3,11,37,39,41,43,13,1등,3,3186530000,"3,11,37,39,41,43",174,6,0,2,4
936,279,7,16,31,36,37,38,11,1등,5,1914205320,"7,16,31,36,37,38",165,3,3,2,4
935,280,10,11,23,24,36,37,35,1등,7,1355258529,"10,11,23,24,36,37",141,3,3,2,4
934,281,1,3,4,6,14,41,12,1등,6,1554683200,"1,3,4,6,14,41",69,3,3,5,1
933,282,2,5,10,18,31,32,30,1등,7,1322052643,"2,5,10,18,31,32",98,2,4,4,2
932,283,6,8,18,31,38,45,42,1등,3,3137224600,"6,8,18,31,38,45",146,2,4,3,3
931,284,2,7,15,24,30,45,28,1등,3,3117640300,"2,7,15,24,30,45",123,3,3,3,3
930,285,13,33,37,40,41,45,2,1등,3,3164370100,"13,33,37,40,41,45",209,5,1,1,5
929,286,1,15,19,40,42,44,17,1등,3,3236566300,"1,15,19,40,42,44",161,3,3,3,3
928,287,6,12,24,27,35,37,41,1등,7,1328657100,"6,12,24,27,35,37",141,3,3,2,4
927,288,1,12,17,28,35,41,10,1등,4,2357261550,"1,12,17,28,35,41",134,4,2,3,3
926,289,3,14,33,37,38,42,10,1등,0,0,"3,14,33,37,38,42",167,3,3,2,4
925,290,8,13,18,32,39,45,7,1등,13,2149214424,"8,13,18,32,39,45",155,3,3,3,3
924,291,3,7,8,18,20,42,45,1등,7,1450585200,"3,7,8,18,20,42",98,2,4,5,1
923,292,17,18,31,32,33,34,10,1등,14,720373950,"17,18,31,32,33,34",165,3,3,2,4
922,293,1,9,17,21,29,33,24,1등,6,1656764400,"1,9,17,21,29,33",110,6,0,4,2
921,294,6,10,17,30,37,38,40,1등,4,2406504975,"6,10,17,30,37,38",138,2,4,3,3
920,295,1,4,12,16,18,38,8,1등,0,0,"1,4,12,16,18,38",89,1,5,5,1
919,296,3,8,15,27,30,45,44,1등,8,3066088275,"3,8,15,27,30,45",128,4,2,3,3
918,297,6,11,19,20,28,32,34,1등,2,5056668750,"6,11,19,20,28,32",116,2,4,4,2
917,298,5,9,27,29,37,40,19,1등,1,9909778500,"5,9,27,29,37,40",147,5,1,2,4
916,299,1,3,20,25,36,45,24,1등,7,1483772529,"1,3,20,25,36,45",130,4,2,3,3
915,300,7,9,10,12,26,38,39,1등,12,836092425,"7,9,10,12,26,38",102,2,4,4,2
914,301,7,11,13,33,37,43,26,1등,7,1447385015,"7,11,13,33,37,43",144,6,0,3,3
913,302,13,19,20,32,38,42,4,1등,2,5472167250,"13,19,20,32,38,42",164,2,4,3,3
912,303,2,14,17,30,38,45,43,1등,6,1672749000,"2,14,17,30,38,45",146,2,4,3,3
911,304,4,10,16,26,33,41,38,1등,6,1661646150,"4,10,16,26,33,41",130,2,4,3,3
910,305,7,8,18,21,23,39,9,1등,5,2008210140,"7,8,18,21,23,39",116,4,2,4,2
909,306,4,18,23,30,34,41,19,1등,5,2102669520,"4,18,23,30,34,41",150,2,4,2,4
908,307,5,15,21,23,25,45,12,1등,4,2587643250,"5,15,21,23,25,45",134,6,0,3,3
907,308,14,15,17,19,37,45,40,1등,1,10232872800,"14,15,17,19,37,45",147,5,1,4,2
906,309,1,2,5,11,18,36,22,1등,11,901622946,"1,2,5,11,18,36",73,3,3,5,1
905,310,1,5,19,28,34,41,16,1등,8,1296713325,"1,5,19,28,34,41",128,4,2,3,3
904,311,4,12,24,27,28,32,10,1등,8,1237691063,"4,12,24,27,28,32",127,1,5,2,4
903,312,2,3,5,6,12,20,25,1등,15,629017820,"2,3,5,6,12,20",48,2,4,6,0
902,313,9,17,34,35,43,45,2,1등,6,1715422800,"9,17,34,35,43,45",183,5,1,2,4
901,314,15,17,19,34,38,41,2,1등,6,1660512200,"15,17,19,34,38,41",164,4,2,3,3
900,315,1,13,33,35,43,45,23,1등,8,1308728625,"1,13,33,35,43,45",170,6,0,2,4
899,316,10,11,21,27,31,39,43,1등,6,1673586400,"10,11,21,27,31,39",139,5,1,3,3
898,317,3,10,11,22,36,39,8,1등,4,2576258550,"3,10,11,22,36,39",121,3,3,4,2
897,318,2,17,19,20,34,45,21,1등,9,1207436600,"2,17,19,20,34,45",137,3,3,4,2
896,319,5,8,22,28,33,42,37,1등,5,2135659380,"5,8,22,28,33,42",138,2,4,3,3
895,320,16,19,23,25,41,45,3,1등,2,5513067900,"16,19,23,25,41,45",169,5,1,2,4
894,321,12,18,20,21,25,34,42,1등,6,1959136100,"12,18,20,21,25,34",130,2,4,4,2
893,322,9,18,29,32,38,43,20,1등,6,1904544700,"9,18,29,32,38,43",169,3,3,2,4
892,323,10,14,15,32,36,42,3,1등,8,1461025388,"10,14,15,32,36,42",149,1,5,3,3
891,324,2,4,21,25,33,36,17,1등,6,1865130350,"2,4,21,25,33,36",121,3,3,3,3
890,325,7,17,20,32,44,45,33,1등,6,1806122450,"7,17,20,32,44,45",165,3,3,3,3
889,326,16,23,25,33,36,39,40,1등,6,1832134550,"16,23,25,33,36,39",172,4,2,1,5
888,327,6,12,13,17,32,44,24,1등,12,882674750,"6,12,13,17,32,44",124,2,4,4,2
887,328,1,6,9,16,17,28,24,1등,6,1819795900,"1,6,9,16,17,28",77,3,3,5,1
886,329,9,17,19,30,35,42,4,1등,6,1830391200,"9,17,19,30,35,42",152,4,2,3,3
885,330,3,4,16,17,19,20,23,1등,9,1162280200,"3,4,16,17,19,20",79,3,3,6,0
884,331,4,9,14,26,31,44,39,1등,5,2165902620,"4,9,14,26,31,44",128,2,4,3,3
883,332,16,17,34,36,42,45,3,1등,8,1359448388,"16,17,34,36,42,45",190,2,4,2,4
882,333,5,14,27,30,39,43,35,1등,7,1550987143,"5,14,27,30,39,43",158,4,2,2,4
881,334,13,15,21,29,39,43,33,1등,7,1523002972,"13,15,21,29,39,43",160,6,0,3,3
880,335,5,9,16,23,26,45,21,1등,5,2037492480,"5,9,16,23,26,45",124,4,2,3,3
879,336,3,5,20,34,35,44,16,1등,6,1685632650,"3,5,20,34,35,44",141,3,3,3,3
878,337,1,5,14,18,32,37,4,1등,8,1257500513,"1,5,14,18,32,37",107,3,3,4,2
877,338,2,13,34,38,42,45,16,1등,3,3383431000,"2,13,34,38,42,45",174,2,4,2,4
876,339,6,8,14,21,30,37,45,1등,9,1096778334,"6,8,14,21,30,37",116,2,4,4,2
875,340,18,24,26,29,34,38,32,1등,7,1439393186,"18,24,26,29,34,38",169,1,5,1,5
874,341,1,8,19,34,39,43,41,1등,7,1497207772,"1,8,19,34,39,43",144,4,2,3,3
873,342,1,13,14,33,34,43,25,1등,3,3454095800,"1,13,14,33,34,43",138,4,2,3,3
872,343,1,10,17,29,31,43,15,1등,6,1717153000,"1,10,17,29,31,43",131,5,1,3,3
871,344,1,2,15,28,34,45,38,1등,7,1467106543,"1,2,15,28,34,45",125,3,3,3,3
870,345,15,20,23,29,39,42,2,1등,2,5203577550,"15,20,23,29,39,42",168,4,2,2,4
869,346,5,13,14,22,44,45,33,1등,5,2017727340,"5,13,14,22,44,45",143,3,3,4,2
868,347,3,8,13,27,32,42,10,1등,7,1456624286,"3,8,13,27,32,42",125,3,3,3,3
867,348,3,14,17,20,24,31,34,1등,3,3299994000,"3,14,17,20,24,31",109,3,3,4,2
866,349,5,13,14,20,24,25,36,1등,3,3353209000,"5,13,14,20,24,25",101,3,3,4,2
865,350,1,8,18,24,29,33,35,1등,9,1101052467,"1,8,18,24,29,33",113,3,3,3,3
864,351,5,25,27,29,34,36,33,1등,4,2583357150,"5,25,27,29,34,36",156,4,2,1,5
863,352,5,16,17,20,26,41,24,1등,6,1732858250,"5,16,17,20,26,41",125,3,3,4,2
862,353,11,16,19,22,29,36,26,1등,2,5290838250,"11,16,19,22,29,36",133,3,3,4,2
861,354,14,19,36,43,44,45,1,1등,5,2124464340,"14,19,36,43,44,45",201,3,3,2,4
860,355,5,8,29,30,35,44,38,1등,5,2145424800,"5,8,29,30,35,44",151,3,3,2,4
859,356,2,8,14,25,29,45,24,1등,9,1157185267,"2,8,14,25,29,45",123,3,3,3,3
858,357,10,14,18,21,36,37,5,1등,2,5313394350,"10,14,18,21,36,37",136,2,4,4,2
857,358,1,9,10,12,21,40,37,1등,3,3472654900,"1,9,10,12,21,40",93,3,3,5,1
856,359,1,10,19,20,24,40,23,1등,8,1286712600,"1,10,19,20,24,40",114,2,4,4,2
855,360,4,16,23,25,35,40,27,1등,3,3566716200,"4,16,23,25,35,40",143,3,3,2,4
854,361,5,10,16,24,27,35,33,1등,7,1473115115,"5,10,16,24,27,35",117,3,3,3,3
853,362,2,3,22,27,30,40,29,1등,6,1729424650,"2,3,22,27,30,40",124,2,4,3,3
852,363,11,12,14,21,32,38,6,1등,4,2615910600,"11,12,14,21,32,38",128,2,4,4,2
851,364,2,5,7,14,16,40,4,1등,4,2531914800,"2,5,7,14,16,40",84,2,4,5,1
850,365,5,15,21,25,26,30,31,1등,1,10697716800,"5,15,21,25,26,30",122,4,2,3,3
849,366,5,12,19,26,27,44,38,1등,2,5351553900,"5,12,19,26,27,44",133,3,3,3,3
848,367,3,22,25,29,32,44,19,1등,7,1581736586,"3,22,25,29,32,44",155,3,3,2,4
847,368,11,21,24,30,39,45,26,1등,7,1465825115,"11,21,24,30,39,45",170,4,2,2,4
846,369,17,20,35,36,41,43,21,1등,6,1842177750,"17,20,35,36,41,43",192,4,2,2,4
845,370,16,18,24,42,44,45,17,1등,7,1678941943,"16,18,24,42,44,45",189,1,5,2,4
844,371,7,9,15,26,27,42,18,1등,7,1524130543,"7,9,15,26,27,42",126,4,2,3,3
843,372,8,11,14,16,18,21,13,1등,9,1192593200,"8,11,14,16,18,21",88,2,4,6,0
842,373,15,26,37,42,43,45,9,1등,4,2791801125,"15,26,37,42,43,45",208,4,2,1,5
841,374,11,13,15,17,25,34,26,1등,2,5528717850,"11,13,15,17,25,34",115,5,1,4,2
840,375,4,8,19,25,27,45,7,1등,7,1581284058,"4,8,19,25,27,45",128,4,2,3,3
839,376,1,11,13,24,28,40,7,1등,6,1956915800,"1,11,13,24,28,40",117,3,3,3,3
838,377,6,22,29,37,43,45,23,1등,3,3912085400,"6,22,29,37,43,45",182,4,2,2,4
837,378,5,22,29,31,34,39,43,1등,5,2317698240,"5,22,29,31,34,39",160,4,2,2,4
836,379,6,10,22,31,35,40,19,1등,7,1598999786,"6,10,22,31,35,40",144,2,4,3,3
835,380,1,2,8,17,26,37,27,1등,4,2684274825,"1,2,8,17,26,37",91,3,3,4,2
834,381,1,5,10,12,16,20,11,1등,19,565738895,"1,5,10,12,16,20",64,2,4,6,0
833,382,10,15,22,24,27,42,19,1등,6,1846674900,"10,15,22,24,27,42",140,2,4,3,3
832,383,4,15,28,33,37,40,25,1등,3,3596522100,"4,15,28,33,37,40",157,3,3,2,4
831,384,11,22,24,32,36,38,7,1등,3,3658734200,"11,22,24,32,36,38",163,1,5,2,4
830,385,7,12,19,21,29,32,9,1등,7,1542032700,"7,12,19,21,29,32",120,4,2,4,2
829,386,4,7,10,19,31,40,26,1등,10,1042953330,"4,7,10,19,31,40",111,3,3,4,2
828,387,1,26,31,34,40,43,20,1등,4,2675533500,"1,26,31,34,40,43",175,3,3,1,5
827,388,1,8,9,17,29,32,45,1등,4,2545543875,"1,8,9,17,29,32",96,4,2,4,2
826,389,7,16,18,20,23,26,3,1등,5,2119027020,"7,16,18,20,23,26",110,2,4,4,2
825,390,16,17,28,37,39,40,15,1등,1,10373997900,"16,17,28,37,39,40",177,3,3,2,4
824,391,10,11,18,22,28,39,30,1등,1,10508749800,"10,11,18,22,28,39",128,2,4,4,2
823,392,1,3,7,8,24,42,43,1등,6,1713528700,"1,3,7,8,24,42",85,3,3,4,2
822,393,9,16,28,40,41,43,21,1등,8,1362003975,"9,16,28,40,41,43",177,3,3,2,4
821,394,1,13,20,22,25,28,15,1등,1,10654349100,"1,13,20,22,25,28",109,3,3,4,2
820,395,11,15,20,26,31,35,7,1등,7,1534635000,"11,15,20,26,31,35",138,4,2,3,3
819,396,18,20,31,34,40,45,30,1등,2,5296622400,"18,20,31,34,40,45",188,2,4,2,4
818,397,12,13,17,22,25,33,8,1등,3,3499519700,"12,13,17,22,25,33",122,4,2,4,2
817,398,10,15,20,23,42,44,7,1등,4,2680625550,"10,15,20,23,42,44",154,2,4,3,3
816,399,1,2,9,17,19,42,20,1등,8,1276854975,"1,2,9,17,19,42",90,4,2,5,1
815,400,9,21,27,34,41,43,2,1등,4,2669834325,"9,21,27,34,41,43",175,5,1,2,4
814,401,6,12,18,31,38,43,9,1등,9,1168214792,"6,12,18,31,38,43",148,2,4,3,3
813,402,5,9,15,19,22,36,32,1등,4,2662206188,"5,9,15,19,22,36",106,4,2,5,1
812,403,10,14,22,24,28,37,26,1등,5,2122396875,"10,14,22,24,28,37",135,1,5,3,3
811,404,5,20,21,24,33,40,36,1등,3,3566659375,"5,20,21,24,33,40",143,3,3,3,3
810,405,1,2,10,25,26,44,4,1등,3,3543878000,"1,2,10,25,26,44",108,2,4,3,3
809,406,7,12,21,24,27,36,45,1등,5,2156142450,"7,12,21,24,27,36",127,3,3,3,3
808,407,6,7,13,16,24,25,1,1등,7,1649707286,"6,7,13,16,24,25",91,3,3,4,2
807,408,9,20,21,22,30,37,16,1등,5,2235375825,"9,20,21,22,30,37",139,3,3,4,2
806,409,6,9,21,31,32,40,38,1등,4,2896989750,"6,9,21,31,32,40",139,3,3,3,3
805,410,1,3,18,32,40,41,16,1등,9,1249335709,"1,3,18,32,40,41",135,3,3,3,3
804,411,11,14,22,35,37,39,5,1등,12,953227563,"11,14,22,35,37,39",158,4,2,3,3
803,412,4,7,39,41,42,45,40,1등,7,1656199822,"4,7,39,41,42,45",178,4,2,2,4
802,413,2,9,15,23,34,40,3,1등,4,2814673500,"2,9,15,23,34,40",123,3,3,3,3
801,414,2,14,15,22,23,44,43,1등,1,11703832500,"2,14,15,22,23,44",120,2,4,4,2
800,415,7,17,20,26,30,40,24,1등,8,1334182407,"7,17,20,26,30,40",140,2,4,3,3
799,416,5,6,8,11,22,26,44,1등,10,1072037100,"5,6,8,11,22,26",78,2,4,5,1
798,417,4,5,14,20,22,43,44,1등,4,2818329938,"4,5,14,20,22,43",108,2,4,5,1
797,418,11,13,15,26,28,34,31,1등,8,1435649766,"11,13,15,26,28,34",127,3,3,3,3
796,419,2,11,13,14,28,30,7,1등,3,3796490750,"2,11,13,14,28,30",98,2,4,4,2
795,420,4,9,10,29,31,34,27,1등,8,1424856375,"4,9,10,29,31,34",117,3,3,3,3
794,421,6,11,26,27,28,44,30,1등,5,2321144325,"6,11,26,27,28,44",142,2,4,2,4
793,422,8,15,19,21,34,44,12,1등,6,2205251375,"8,15,19,21,34,44",141,3,3,4,2
792,423,1,17,27,28,29,40,5,1등,3,3896153875,"1,17,27,28,29,40",142,4,2,2,4
791,424,10,11,26,31,34,44,30,1등,10,1109480813,"10,11,26,31,34,44",156,2,4,2,4
790,425,8,10,14,27,33,38,3,1등,8,1534833000,"8,10,14,27,33,38",130,2,4,3,3
789,426,4,17,18,27,39,43,19,1등,4,3057233625,"4,17,18,27,39,43",148,4,2,3,3
788,427,6,7,15,24,28,30,21,1등,1,12571445625,"6,7,15,24,28,30",110,2,4,3,3
787,428,12,16,19,22,37,40,8,1등,9,1437683209,"12,16,19,22,37,40",146,2,4,4,2
786,429,3,23,28,34,39,42,16,1등,9,1485904709,"3,23,28,34,39,42",169,3,3,1,5
785,430,1,3,16,18,30,34,44,1등,8,1611763219,"1,3,16,18,30,34",102,2,4,4,2
784,431,18,22,25,31,38,45,6,1등,10,1268434013,"18,22,25,31,38,45",179,3,3,2,4
783,432,2,3,5,11,27,39,33,1등,5,2299427550,"2,3,5,11,27,39",87,5,1,4,2
782,433,19,23,29,33,35,43,27,1등,11,1182294410,"19,23,29,33,35,43",182,6,0,1,5
781,434,3,13,20,24,33,37,35,1등,8,1480060266,"3,13,20,24,33,37",130,4,2,3,3
780,435,8,16,26,30,38,45,42,1등,10,1287550013,"8,16,26,30,38,45",163,1,5,2,4
779,436,9,14,20,22,33,34,28,1등,8,1512266579,"9,14,20,22,33,34",132,2,4,4,2
778,437,11,16,29,38,41,44,21,1등,6,2096245438,"11,16,29,38,41,44",179,3,3,2,4
777,438,6,12,20,26,29,38,45,1등,9,1377142167,"6,12,20,26,29,38",131,1,5,3,3
776,439,17,20,30,31,37,40,25,1등,6,1900077375,"17,20,30,31,37,40",175,3,3,2,4
775,440,10,22,28,34,36,44,2,1등,6,1995873000,"10,22,28,34,36,44",174,0,6,2,4
774,441,1,23,28,30,34,35,9,1등,4,3170417063,"1,23,28,30,34,35",151,3,3,1,5
773,442,25,27,29,36,38,40,41,1등,9,1413413042,"25,27,29,36,38,40",195,3,3,0,6
772,443,4,6,10,19,20,44,14,1등,9,1327597584,"4,6,10,19,20,44",103,1,5,5,1
771,444,11,13,23,35,43,45,17,1등,3,4154188625,"11,13,23,35,43,45",170,6,0,2,4
770,445,13,20,21,30,39,45,32,1등,7,1791683036,"13,20,21,30,39,45",168,4,2,3,3
769,446,1,11,12,14,26,35,6,1등,3,4051247625,"1,11,12,14,26,35",99,3,3,4,2
768,447,2,7,8,9,17,33,34,1등,4,2657941125,"2,7,8,9,17,33",76,4,2,5,1
767,448,3,7,13,27,40,41,36,1등,3,4026212750,"3,7,13,27,40,41",131,5,1,3,3
766,449,3,10,20,26,35,43,36,1등,3,4059715250,"3,10,20,26,35,43",137,3,3,3,3
765,450,6,14,19,21,23,31,13,1등,6,1990391625,"6,14,19,21,23,31",114,4,2,4,2
764,451,12,15,20,24,30,38,29,1등,13,882138952,"12,15,20,24,30,38",139,1,5,3,3
763,452,8,10,18,30,32,34,27,1등,9,1276902000,"8,10,18,30,32,34",132,0,6,3,3
762,453,12,24,33,38,40,42,30,1등,5,2262732375,"12,24,33,38,40,42",189,1,5,1,5
761,454,13,25,27,34,38,41,10,1등,7,1609125590,"13,25,27,34,38,41",178,4,2,1,5
760,455,4,19,20,26,30,35,24,1등,7,1635711483,"4,19,20,26,30,35",134,2,4,3,3
759,456,1,7,12,18,23,27,44,1등,7,1598505054,"1,7,12,18,23,27",88,4,2,4,2
758,457,8,10,18,23,27,40,33,1등,10,1159902825,"8,10,18,23,27,40",126,2,4,3,3
757,458,4,9,10,32,36,40,18,1등,8,1608812625,"4,9,10,32,36,40",131,1,5,3,3
756,459,4,6,10,14,25,40,12,1등,7,1655842233,"4,6,10,14,25,40",99,1,5,4,2
755,460,8,11,28,30,43,45,41,1등,4,3180895782,"8,11,28,30,43,45",165,3,3,2,4
754,461,11,18,26,31,37,40,43,1등,6,1948674875,"11,18,26,31,37,40",163,3,3,2,4
753,462,3,20,24,32,37,45,4,1등,8,1483559297,"3,20,24,32,37,45",161,3,3,2,4
752,463,23,29,31,33,34,44,40,1등,0,0,"23,29,31,33,34,44",194,4,2,0,6
751,464,6,12,15,34,42,44,4,1등,13,3355721106,"6,12,15,34,42,44",153,1,5,3,3
750,465,1,8,11,13,22,38,31,1등,7,1923662893,"1,8,11,13,22,38",93,3,3,5,1
749,466,4,10,13,23,32,44,20,1등,9,1530313459,"4,10,13,23,32,44",126,2,4,3,3
748,467,2,12,14,17,24,40,39,1등,9,1435441084,"2,12,14,17,24,40",109,1,5,4,2
747,468,8,13,15,28,37,43,17,1등,9,1527197167,"8,13,15,28,37,43",144,4,2,3,3
746,469,4,21,22,34,37,38,33,1등,4,3330131250,"4,21,22,34,37,38",156,2,4,3,3
745,470,10,16,20,39,41,42,27,1등,3,4333330625,"10,16,20,39,41,42",168,2,4,3,3
744,471,6,13,29,37,39,41,43,1등,7,1939332858,"6,13,29,37,39,41",165,5,1,2,4
743,472,16,25,26,31,36,43,44,1등,7,1809656090,"16,25,26,31,36,43",177,3,3,1,5
742,473,8,13,20,22,23,36,34,1등,4,3250418063,"8,13,20,22,23,36",122,2,4,4,2
741,474,4,13,18,31,33,45,43,1등,15,936690800,"4,13,18,31,33,45",144,4,2,3,3
740,475,1,9,14,16,21,29,3,1등,8,1693923047,"1,9,14,16,21,29",90,4,2,5,1
739,476,9,12,13,15,37,38,27,1등,4,3439851469,"9,12,13,15,37,38",124,4,2,4,2
738,477,14,25,29,32,33,45,37,1등,8,1919011829,"14,25,29,32,33,45",178,4,2,1,5
737,478,18,29,30,37,39,43,8,1등,14,987224759,"18,29,30,37,39,43",196,4,2,1,5
736,479,8,23,25,27,35,44,24,1등,6,2233046500,"8,23,25,27,35,44",162,4,2,1,5
735,480,3,5,10,17,30,31,16,1등,4,2996742282,"3,5,10,17,30,31",96,4,2,4,2
734,481,3,4,23,29,40,41,20,1등,3,4639355750,"3,4,23,29,40,41",140,4,2,2,4
733,482,1,10,16,24,25,35,43,1등,7,1897921179,"1,10,16,24,25,35",111,3,3,3,3
732,483,12,15,19,22,28,34,5,1등,5,2567196675,"12,15,19,22,28,34",130,2,4,4,2
731,484,1,3,27,28,32,45,11,1등,6,2305303063,"1,3,27,28,32,45",136,4,2,2,4
730,485,17,22,26,27,36,39,20,1등,9,1501474917,"17,22,26,27,36,39",167,3,3,2,4
729,486,1,2,23,25,38,40,43,1등,13,1008634125,"1,2,23,25,38,40",129,3,3,2,4
728,487,4,8,25,27,37,41,21,1등,8,1638830766,"4,8,25,27,37,41",142,4,2,2,4
727,488,2,8,17,30,31,38,25,1등,10,1330393575,"2,8,17,30,31,38",126,2,4,3,3
726,489,2,4,8,15,20,27,11,1등,6,2106360625,"2,4,8,15,20,27",76,2,4,5,1
725,490,2,7,26,29,40,43,42,1등,7,1860234161,"2,7,26,29,40,43",147,3,3,2,4
724,491,8,17,35,36,39,42,4,1등,4,3304634438,"8,17,35,36,39,42",177,3,3,2,4
723,492,22,27,31,35,37,40,42,1등,5,2493013800,"22,27,31,35,37,40",192,4,2,1,5
722,493,20,22,26,33,36,37,25,1등,9,1451120334,"20,22,26,33,36,37",174,2,4,2,4
721,494,5,7,8,15,30,43,22,1등,12,1054588407,"5,7,8,15,30,43",108,4,2,4,2
720,495,4,13,22,27,34,44,6,1등,6,2111645000,"4,13,22,27,34,44",144,2,4,3,3
719,496,4,13,20,29,36,41,39,1등,4,3285932250,"4,13,20,29,36,41",143,3,3,3,3
718,497,19,20,23,24,43,44,13,1등,6,2222817813,"19,20,23,24,43,44",173,3,3,2,4
717,498,13,14,24,32,39,41,3,1등,4,3244503094,"13,14,24,32,39,41",163,3,3,2,4
716,499,5,20,23,27,35,40,43,1등,3,4070480250,"5,20,23,27,35,40",150,4,2,2,4
715,500,3,4,12,20,24,34,41,1등,9,1351072375,"3,4,12,20,24,34",97,1,5,4,2
714,501,1,4,10,17,31,42,2,1등,4,3025200094,"1,4,10,17,31,42",105,3,3,4,2
713,502,6,22,28,32,34,40,26,1등,6,2201458125,"6,22,28,32,34,40",162,0,6,2,4
712,503,1,5,27,30,34,36,40,1등,7,1853634911,"1,5,27,30,34,36",133,3,3,2,4
711,504,6,14,22,26,43,44,31,1등,9,1443236959,"6,14,22,26,43,44",155,1,5,3,3
710,505,7,20,22,25,38,40,44,1등,6,1917955188,"7,20,22,25,38,40",152,2,4,3,3
709,506,6,9,11,22,24,30,31,1등,3,4073333875,"6,9,11,22,24,30",102,2,4,4,2
708,507,12,13,32,33,40,41,4,1등,9,1416438875,"12,13,32,33,40,41",171,3,3,2,4
707,508,5,27,31,34,35,43,37,1등,8,1599557860,"5,27,31,34,35,43",175,5,1,1,5
706,509,12,25,29,35,42,43,24,1등,5,2689076100,"12,25,29,35,42,43",186,4,2,1,5
705,510,12,29,32,33,39,40,42,1등,5,2644158150,"12,29,32,33,39,40",185,3,3,1,5
704,511,3,7,14,23,26,42,24,1등,6,2165579250,"3,7,14,23,26,42",115,3,3,3,3
703,512,4,5,9,13,26,27,1,1등,13,940094452,"4,5,9,13,26,27",84,4,2,4,2
702,513,5,8,21,23,27,33,12,1등,3,4589624750,"5,8,21,23,27,33",117,5,1,3,3
701,514,1,15,20,26,35,42,9,1등,3,4451055500,"1,15,20,26,35,42",139,3,3,3,3
700,515,2,11,12,15,23,37,8,1등,1,13200466875,"2,11,12,15,23,37",100,4,2,4,2
699,516,2,8,23,41,43,44,30,1등,11,1294190182,"2,8,23,41,43,44",161,3,3,2,4
698,517,1,9,12,28,36,41,10,1등,5,2659057725,"1,9,12,28,36,41",127,3,3,3,3
697,518,14,23,30,32,34,38,6,1등,6,2263804125,"14,23,30,32,34,38",171,1,5,1,5
696,519,6,8,13,16,30,43,3,1등,7,1950601393,"6,8,13,16,30,43",116,2,4,4,2
695,520,4,22,27,28,38,40,1,1등,6,2167205438,"4,22,27,28,38,40",159,1,5,2,4
694,521,3,7,18,29,32,36,19,1등,8,1693420922,"3,7,18,29,32,36",125,3,3,3,3
693,522,4,5,13,14,37,41,11,1등,6,2281623000,"4,5,13,14,37,41",114,4,2,4,2
692,523,1,4,37,38,40,45,7,1등,7,1780355840,"1,4,37,38,40,45",165,3,3,2,4
691,524,10,11,29,38,41,45,21,1등,4,3491695594,"10,11,29,38,41,45",174,4,2,2,4
690,525,11,23,26,29,39,44,22,1등,9,1501132375,"11,23,26,29,39,44",172,4,2,1,5
689,526,7,14,17,20,35,39,31,1등,9,1491031959,"7,14,17,20,35,39",132,4,2,4,2
688,527,1,12,22,32,33,42,38,1등,13,1032386366,"1,12,22,32,33,42",142,2,4,3,3
687,528,5,17,25,31,39,40,10,1등,11,1197889125,"5,17,25,31,39,40",157,5,1,2,4
686,529,18,20,24,27,31,42,39,1등,8,1749114797,"18,20,24,27,31,42",162,2,4,2,4
685,530,16,23,27,29,33,41,22,1등,11,1231656239,"16,23,27,29,33,41",169,5,1,1,5
684,531,1,5,9,21,27,35,45,1등,9,1521519750,"1,5,9,21,27,35",98,6,0,4,2
683,532,16,17,23,24,29,44,3,1등,7,2216896286,"16,17,23,24,29,44",153,3,3,2,4
682,533,9,14,15,17,31,33,23,1등,8,1785671579,"9,14,15,17,31,33",119,5,1,4,2
681,534,10,24,26,29,37,38,32,1등,1,14215763250,"10,24,26,29,37,38",164,2,4,1,5
680,535,11,12,14,15,18,39,34,1등,3,4935603000,"11,12,14,15,18,39",109,3,3,5,1
679,536,7,8,18,32,37,43,12,1등,11,1308523603,"7,8,18,32,37,43",145,3,3,3,3
678,537,12,23,26,30,36,43,11,1등,7,2104038911,"12,23,26,30,36,43",170,2,4,1,5
677,538,6,10,18,31,32,34,11,1등,3,4688021625,"6,10,18,31,32,34",131,1,5,3,3
676,539,3,19,22,31,42,43,26,1등,9,1621036667,"3,19,22,31,42,43",160,4,2,3,3
675,540,3,12,13,15,34,36,14,1등,7,1989365250,"3,12,13,15,34,36",113,3,3,4,2
674,541,8,13,26,28,32,34,43,1등,11,1269327171,"8,13,26,28,32,34",141,1,5,2,4
673,542,5,6,19,26,41,45,34,1등,6,2335152563,"5,6,19,26,41,45",142,4,2,3,3
672,543,13,18,26,31,34,44,12,1등,12,1112934844,"13,18,26,31,34,44",166,2,4,2,4
671,544,5,17,21,25,36,44,10,1등,13,1046388433,"5,17,21,25,36,44",148,4,2,3,3
670,545,4,24,25,27,34,35,2,1등,11,1198994353,"4,24,25,27,34,35",149,3,3,1,5
669,546,8,17,20,27,37,43,6,1등,30,405939950,"8,17,20,27,37,43",152,4,2,3,3
668,547,6,7,15,22,34,39,28,1등,5,2838444450,"6,7,15,22,34,39",123,3,3,4,2
667,548,1,12,13,21,32,45,14,1등,8,1736871891,"1,12,13,21,32,45",124,4,2,4,2
666,549,29,31,35,38,40,44,17,1등,8,1760805047,"29,31,35,38,40,44",217,3,3,0,6
665,550,1,7,14,20,34,37,41,1등,11,1118679205,"1,7,14,20,34,37",113,3,3,4,2
664,551,3,6,20,24,27,44,25,1등,1,13526973750,"3,6,20,24,27,44",124,2,4,3,3
663,552,1,10,20,32,35,40,43,1등,10,1330824225,"1,10,20,32,35,40",138,2,4,3,3
662,553,2,7,17,28,29,39,37,1등,6,2249631438,"2,7,17,28,29,39",122,4,2,3,3
661,554,13,14,17,32,41,42,6,1등,2,6813893625,"13,14,17,32,41,42",159,3,3,3,3
660,555,11,17,21,24,26,36,12,1등,8,1711027360,"11,17,21,24,26,36",135,3,3,3,3
659,556,12,20,23,28,30,44,43,1등,7,2005209161,"12,20,23,28,30,44",157,1,5,2,4
658,557,4,20,26,28,35,40,31,1등,7,1888069286,"4,20,26,28,35,40",153,1,5,2,4
657,558,12,15,19,26,40,43,29,1등,10,1315913663,"12,15,19,26,40,43",155,3,3,3,3
656,559,11,12,25,32,44,45,23,1등,7,1926145608,"11,12,25,32,44,45",169,3,3,2,4
655,560,1,4,20,23,29,45,28,1등,7,1976697215,"1,4,20,23,29,45",122,4,2,3,3
654,561,5,7,18,37,42,45,20,1등,5,2753712225,"5,7,18,37,42,45",154,4,2,3,3
653,562,4,11,13,17,20,31,33,1등,11,1166694614,"4,11,13,17,20,31",96,4,2,5,1
652,563,5,10,16,17,31,32,21,1등,7,1932735643,"5,10,16,17,31,32",111,3,3,4,2
651,564,14,19,25,26,27,34,2,1등,7,1934801143,"14,19,25,26,27,34",145,3,3,2,4
650,565,4,10,18,27,40,45,38,1등,8,1742064469,"4,10,18,27,40,45",144,2,4,3,3
649,566,4,5,6,25,26,43,41,1등,4,3508951032,"4,5,6,25,26,43",109,3,3,3,3
648,567,1,10,15,16,32,41,28,1등,6,2318659438,"1,10,15,16,32,41",115,3,3,4,2
647,568,1,3,17,20,31,44,40,1등,10,1305167550,"1,3,17,20,31,44",116,4,2,4,2
646,569,3,6,13,23,24,35,1,1등,4,3467925188,"3,6,13,23,24,35",104,4,2,3,3
645,570,1,12,26,27,29,33,42,1등,9,1527791625,"1,12,26,27,29,33",128,4,2,2,4
644,571,11,18,21,26,38,43,29,1등,7,1966538465,"11,18,21,26,38,43",157,3,3,3,3
643,572,3,13,18,33,37,45,1,1등,8,1668216188,"3,13,18,33,37,45",149,5,1,3,3
642,573,2,4,20,34,35,43,14,1등,8,1645691766,"2,4,20,34,35,43",138,2,4,3,3
641,574,14,15,16,19,25,43,2,1등,2,6965184938,"14,15,16,19,25,43",132,4,2,4,2
640,575,2,8,20,30,33,34,6,1등,8,1699267875,"2,8,20,30,33,34",127,1,5,3,3
639,576,10,11,15,25,35,41,13,1등,3,4321966000,"10,11,15,25,35,41",137,5,1,3,3
638,577,16,17,22,31,34,37,33,1등,3,4484438375,"16,17,22,31,34,37",157,3,3,3,3
637,578,5,12,14,32,34,42,16,1등,5,2796466575,"5,12,14,32,34,42",139,1,5,3,3
636,579,5,7,20,22,37,42,39,1등,11,1396068444,"5,7,20,22,37,42",133,3,3,4,2
635,580,5,7,9,11,32,35,33,1등,7,2028610500,"5,7,9,11,32,35",99,5,1,4,2
634,581,3,5,14,20,42,44,33,1등,8,1844554547,"3,5,14,20,42,44",128,2,4,4,2
633,582,2,12,14,33,40,41,25,1등,4,3560558719,"2,12,14,33,40,41",142,2,4,3,3
632,583,8,17,27,33,40,44,24,1등,11,1341848353,"8,17,27,33,40,44",169,3,3,2,4
631,584,7,18,30,39,40,41,36,1등,3,5033183250,"7,18,30,39,40,41",175,3,3,2,4
630,585,6,7,10,16,38,41,4,1등,9,1620546334,"6,7,10,16,38,41",118,2,4,4,2
629,586,2,7,12,15,21,34,5,1등,8,1778354344,"2,7,12,15,21,34",91,3,3,5,1
628,587,14,21,29,31,32,37,17,1등,3,4974577375,"14,21,29,31,32,37",164,4,2,2,4
627,588,2,8,15,22,25,41,30,1등,5,2889342075,"2,8,15,22,25,41",113,3,3,4,2
626,589,6,8,28,33,38,39,22,1등,7,2136877983,"6,8,28,33,38,39",152,2,4,2,4
625,590,20,30,36,38,41,45,23,1등,7,2185183983,"20,30,36,38,41,45",210,2,4,1,5
624,591,8,13,14,30,38,39,5,1등,5,2964676200,"8,13,14,30,38,39",142,2,4,3,3
623,592,2,5,6,13,28,44,43,1등,6,2356381688,"2,5,6,13,28,44",98,2,4,4,2
622,593,9,10,13,24,33,38,28,1등,9,1532833500,"9,10,13,24,33,38",127,3,3,3,3
621,594,2,8,13,25,28,37,3,1등,11,1255592796,"2,8,13,25,28,37",113,3,3,3,3
620,595,8,24,28,35,38,40,5,1등,8,1744525219,"8,24,28,35,38,40",173,1,5,1,5
619,596,3,4,12,14,25,43,17,1등,10,1328267663,"3,4,12,14,25,43",101,3,3,4,2
618,597,8,10,23,24,35,43,37,1등,13,1057920606,"8,10,23,24,35,43",143,3,3,2,4
617,598,4,12,24,33,38,45,22,1등,16,833998594,"4,12,24,33,38,45",156,2,4,2,4
616,599,5,12,17,29,34,35,27,1등,8,1710918329,"5,12,17,29,34,35",132,4,2,3,3
615,600,5,11,14,27,29,36,44,1등,15,901798725,"5,11,14,27,29,36",122,4,2,3,3
614,601,2,16,19,31,34,35,37,1등,9,1524565209,"2,16,19,31,34,35",137,3,3,3,3
613,602,13,14,22,27,30,38,2,1등,8,1689530860,"13,14,22,27,30,38",144,2,4,3,3
612,603,2,19,25,26,27,43,28,1등,4,3452136563,"2,19,25,26,27,43",142,4,2,2,4
611,604,2,6,18,21,33,34,30,1등,11,1229141557,"2,6,18,21,33,34",114,2,4,4,2
610,605,1,2,7,9,10,38,42,1등,9,1394232250,"1,2,7,9,10,38",67,3,3,5,1
609,606,1,5,6,14,20,39,22,1등,10,1311566850,"1,5,6,14,20,39",85,3,3,5,1
608,607,8,14,23,36,38,39,13,1등,4,3494480907,"8,14,23,36,38,39",158,2,4,2,4
607,608,4,8,18,19,39,44,41,1등,7,1943530018,"4,8,18,19,39,44",132,2,4,4,2
606,609,4,8,27,34,39,40,13,1등,2,6339311438,"4,8,27,34,39,40",152,2,4,2,4
605,610,14,18,20,23,28,36,33,1등,4,3516018375,"14,18,20,23,28,36",139,1,5,3,3
604,611,2,22,27,33,36,37,14,1등,4,3502706157,"2,22,27,33,36,37",157,3,3,2,4
603,612,6,9,18,19,25,33,40,1등,11,1181705250,"6,9,18,19,25,33",110,4,2,4,2
602,613,7,8,11,16,41,44,35,1등,9,1549831209,"7,8,11,16,41,44",127,3,3,4,2
601,614,8,21,25,39,40,44,18,1등,6,2540975438,"8,21,25,39,40,44",177,3,3,2,4
600,615,10,17,18,19,23,27,35,1등,9,1535062417,"10,17,18,19,23,27",114,4,2,4,2
599,616,5,13,18,23,40,45,3,1등,9,1611811250,"5,13,18,23,40,45",144,4,2,3,3
598,617,4,5,11,12,24,27,28,1등,8,1629701860,"4,5,11,12,24,27",83,3,3,4,2
597,618,8,16,25,30,42,43,15,1등,5,2881326225,"8,16,25,30,42,43",164,2,4,2,4
596,619,6,8,13,30,35,40,21,1등,3,4612479375,"6,8,13,30,35,40",132,2,4,3,3
595,620,2,16,17,32,39,45,40,1등,7,2028283233,"2,16,17,32,39,45",151,3,3,3,3
594,621,1,2,6,16,19,42,9,1등,6,2359723500,"1,2,6,16,19,42",86,2,4,5,1
593,622,9,15,16,21,28,34,24,1등,9,1630598292,"9,15,16,21,28,34",123,3,3,4,2
592,623,7,13,30,39,41,45,25,1등,8,1813702594,"7,13,30,39,41,45",175,5,1,2,4
591,624,1,7,19,26,27,35,16,1등,5,2763729450,"1,7,19,26,27,35",115,5,1,3,3
590,625,3,6,7,20,21,39,13,1등,5,2765184675,"3,6,7,20,21,39",96,4,2,5,1
589,626,13,14,26,33,40,43,15,1등,8,1717871110,"13,14,26,33,40,43",169,3,3,2,4
588,627,2,9,22,25,31,45,12,1등,10,1352230650,"2,9,22,25,31,45",134,4,2,3,3
587,628,1,7,12,15,23,42,11,1등,9,1499942875,"1,7,12,15,23,42",100,4,2,4,2
586,629,19,28,31,38,43,44,1,1등,5,2919433575,"19,28,31,38,43,44",203,3,3,1,5
585,630,8,17,21,24,27,31,15,1등,3,4836305500,"8,17,21,24,27,31",128,4,2,3,3
584,631,1,2,4,23,31,34,8,1등,4,3919853532,"1,2,4,23,31,34",95,3,3,3,3
583,632,15,18,21,32,35,44,6,1등,11,1432587716,"15,18,21,32,35,44",165,3,3,3,3
582,633,9,12,19,20,39,41,13,1등,12,1217257094,"9,12,19,20,39,41",140,4,2,4,2
581,634,4,10,11,12,20,27,38,1등,13,1077935106,"4,10,11,12,20,27",84,2,4,5,1
580,635,11,13,25,26,29,33,32,1등,8,1855587235,"11,13,25,26,29,33",137,5,1,2,4
579,636,6,7,15,16,20,31,26,1등,8,1832362219,"6,7,15,16,20,31",95,3,3,5,1
578,637,3,16,22,37,38,44,23,1등,4,3899241094,"3,16,22,37,38,44",160,2,4,3,3
577,638,7,18,22,24,31,34,6,1등,7,2229403179,"7,18,22,24,31,34",136,2,4,3,3
576,639,6,15,22,23,25,32,40,1등,4,4061185219,"6,15,22,23,25,32",123,3,3,3,3
575,640,14,15,18,21,26,35,23,1등,9,1728768834,"14,15,18,21,26,35",129,3,3,4,2
574,641,11,18,21,36,37,43,12,1등,8,1990074563,"11,18,21,36,37,43",166,4,2,3,3
573,642,8,17,18,24,39,45,32,1등,12,1251460438,"8,17,18,24,39,45",151,3,3,3,3
572,643,15,24,31,32,33,40,13,1등,6,2535763625,"15,24,31,32,33,40",175,3,3,1,5
571,644,5,13,17,23,28,36,8,1등,8,1831451204,"5,13,17,23,28,36",122,4,2,3,3
570,645,1,4,16,26,40,41,31,1등,4,3696297750,"1,4,16,26,40,41",128,2,4,3,3
569,646,2,9,24,41,43,45,30,1등,7,2215498393,"2,9,24,41,43,45",164,4,2,2,4
568,647,5,16,21,23,24,30,29,1등,7,2189725608,"5,16,21,23,24,30",119,3,3,3,3
567,648,13,19,28,37,38,43,4,1등,7,2120987947,"13,19,28,37,38,43",178,4,2,2,4
566,649,3,21,22,33,41,42,20,1등,5,2948042100,"3,21,22,33,41,42",162,4,2,3,3
565,650,3,4,7,11,31,41,35,1등,5,2849298900,"3,4,7,11,31,41",97,5,1,4,2
564,651,11,12,16,26,29,44,18,1등,8,1855306454,"11,12,16,26,29,44",138,2,4,3,3
563,652,3,13,15,40,41,44,20,1등,5,3003483525,"3,13,15,40,41,44",156,4,2,3,3
562,653,5,6,26,27,38,39,1,1등,14,980958670,"5,6,26,27,38,39",141,3,3,2,4
561,654,16,21,26,31,36,43,6,1등,8,1879301391,"16,21,26,31,36,43",173,3,3,2,4
560,655,7,37,38,39,40,44,18,1등,9,1661439625,"7,37,38,39,40,44",205,3,3,1,5
559,656,3,7,14,16,31,40,39,1등,2,7330002750,"3,7,14,16,31,40",111,3,3,4,2
558,657,10,14,19,39,40,43,23,1등,9,1694762792,"10,14,19,39,40,43",165,3,3,3,3
557,658,8,19,25,28,32,36,37,1등,9,1634031375,"8,19,25,28,32,36",148,2,4,2,4
556,659,7,18,19,27,29,42,45,1등,11,1336604216,"7,18,19,27,29,42",142,4,2,3,3
555,660,4,9,23,33,39,44,14,1등,10,1421272575,"4,9,23,33,39,44",152,4,2,2,4
554,661,2,3,12,20,27,38,40,1등,8,1713025547,"2,3,12,20,27,38",102,2,4,4,2
553,662,5,6,9,11,15,37,26,1등,8,1689733688,"5,6,9,11,15,37",83,5,1,5,1
552,663,3,5,8,19,38,42,20,1등,7,2080244143,"3,5,8,19,38,42",115,3,3,4,2
551,664,10,20,33,36,41,44,5,1등,10,1536801338,"10,20,33,36,41,44",184,2,4,2,4
550,665,5,6,11,17,38,44,13,1등,4,3643230375,"5,6,11,17,38,44",121,3,3,4,2
549,666,2,4,6,11,17,28,16,1등,6,2396901063,"2,4,6,11,17,28",68,2,4,5,1
548,667,15,17,25,37,42,43,13,1등,7,2228764393,"15,17,25,37,42,43",179,5,1,2,4
547,668,12,14,15,24,27,32,3,1등,5,2991158625,"12,14,15,24,27,32",124,2,4,3,3
546,669,7,8,20,29,33,38,9,1등,6,2708173188,"7,8,20,29,33,38",135,3,3,3,3
545,670,11,18,26,27,40,41,25,1등,12,1191725219,"11,18,26,27,40,41",163,3,3,2,4
544,671,7,9,10,13,31,35,24,1등,4,3722322844,"7,9,10,13,31,35",105,5,1,4,2
543,672,8,21,28,31,36,45,43,1등,9,1754745000,"8,21,28,31,36,45",169,3,3,2,4
542,673,7,10,17,29,33,44,5,1등,10,1491453300,"7,10,17,29,33,44",140,4,2,3,3
541,674,9,10,14,25,27,31,11,1등,8,1770565500,"9,10,14,25,27,31",116,4,2,3,3
540,675,1,8,11,15,18,45,7,1등,4,3514549032,"1,8,11,15,18,45",98,4,2,5,1
539,676,1,8,17,34,39,45,27,1등,8,1879726500,"1,8,17,34,39,45",144,4,2,3,3
538,677,12,15,24,36,41,44,42,1등,8,1921114407,"12,15,24,36,41,44",172,2,4,2,4
537,678,4,5,6,12,25,37,45,1등,6,2288490188,"4,5,6,12,25,37",89,3,3,4,2
536,679,3,5,7,14,26,34,35,1등,5,2863005600,"3,5,7,14,26,34",89,3,3,4,2
535,680,4,10,19,29,32,42,30,1등,14,1110570563,"4,10,19,29,32,42",136,2,4,3,3
534,681,21,24,27,29,43,44,7,1등,6,2696328938,"21,24,27,29,43,44",188,4,2,1,5
533,682,17,23,27,35,38,43,2,1등,4,4063713563,"17,23,27,35,38,43",183,5,1,1,5
532,683,6,13,20,27,28,40,15,1등,16,1010930883,"6,13,20,27,28,40",134,2,4,3,3
531,684,1,11,15,17,25,39,40,1등,9,1688815709,"1,11,15,17,25,39",108,6,0,4,2
530,685,6,7,12,28,38,40,18,1등,11,1494367671,"6,7,12,28,38,40",131,1,5,3,3
529,686,7,12,15,24,25,43,13,1등,8,1937531719,"7,12,15,24,25,43",126,4,2,3,3
528,687,1,8,10,13,28,42,45,1등,6,2720029313,"1,8,10,13,28,42",102,2,4,4,2
527,688,5,15,22,23,34,35,2,1등,9,1967536750,"5,15,22,23,34,35",134,4,2,3,3
526,689,7,17,19,30,36,38,34,1등,7,2321775911,"7,17,19,30,36,38",147,3,3,3,3
525,690,24,25,33,34,38,39,43,1등,15,1126507625,"24,25,33,34,38,39",193,3,3,0,6
524,691,15,27,33,35,43,45,16,1등,6,2839296750,"15,27,33,35,43,45",198,6,0,1,5
523,692,3,11,14,15,32,36,44,1등,7,2301273697,"3,11,14,15,32,36",111,3,3,4,2
522,693,1,6,11,28,34,42,30,1등,10,1642763813,"1,6,11,28,34,42",122,2,4,3,3
521,694,7,15,20,25,33,43,12,1등,10,1555036388,"7,15,20,25,33,43",143,5,1,3,3
520,695,4,18,26,33,34,38,14,1등,11,1450214830,"4,18,26,33,34,38",153,1,5,2,4
519,696,1,7,16,18,34,38,21,1등,10,1632054413,"1,7,16,18,34,38",114,2,4,4,2
518,697,2,5,8,11,33,39,31,1등,10,1531443038,"2,5,8,11,33,39",98,4,2,4,2
517,698,3,11,13,21,33,37,18,1등,8,1921084125,"3,11,13,21,33,37",118,6,0,4,2
516,699,4,5,8,16,21,29,3,1등,8,1995411375,"4,5,8,16,21,29",83,3,3,5,1
515,700,11,23,28,29,30,44,13,1등,8,2082099188,"11,23,28,29,30,44",165,3,3,1,5
514,701,3,10,14,16,36,38,35,1등,10,1583183175,"3,10,14,16,36,38",117,1,5,4,2
513,702,3,13,16,24,26,29,9,1등,11,1465091387,"3,13,16,24,26,29",111,3,3,3,3
512,703,10,28,31,33,41,44,21,1등,5,3235784100,"10,28,31,33,41,44",187,3,3,1,5
511,704,1,4,8,23,33,42,45,1등,4,3865190344,"1,4,8,23,33,42",111,3,3,3,3
510,705,1,6,17,22,28,45,23,1등,4,3987206532,"1,6,17,22,28,45",119,3,3,4,2
509,706,3,4,6,10,28,30,37,1등,4,3831746063,"3,4,6,10,28,30",81,1,5,4,2
508,707,2,12,19,24,39,44,35,1등,12,1322167313,"2,12,19,24,39,44",140,2,4,3,3
507,708,2,10,16,19,34,45,1,1등,4,4099552219,"2,10,16,19,34,45",126,2,4,4,2
506,709,10,18,30,36,39,44,32,1등,14,1165271625,"10,18,30,36,39,44",177,1,5,2,4
505,710,3,4,9,24,25,33,10,1등,5,2895441150,"3,4,9,24,25,33",98,4,2,3,3
504,711,11,15,24,35,37,45,42,1등,7,2277413358,"11,15,24,35,37,45",167,5,1,2,4
503,712,17,20,30,31,33,45,19,1등,4,4034485125,"17,20,30,31,33,45",176,4,2,2,4
502,713,2,5,15,18,19,23,44,1등,9,1714720917,"2,5,15,18,19,23",82,4,2,5,1
501,714,1,7,22,33,37,40,20,1등,7,2085131733,"1,7,22,33,37,40",140,4,2,3,3
500,715,2,7,27,33,41,44,10,1등,6,2605510438,"2,7,27,33,41,44",154,4,2,2,4
499,716,2,6,13,16,29,30,21,1등,12,1358752157,"2,6,13,16,29,30",96,2,4,4,2
498,717,2,11,19,25,28,32,44,1등,6,2702433688,"2,11,19,25,28,32",117,3,3,3,3
497,718,4,11,20,23,32,39,40,1등,17,926166464,"4,11,20,23,32,39",129,3,3,3,3
496,719,4,8,13,19,20,43,26,1등,9,1879581334,"4,8,13,19,20,43",107,3,3,5,1
495,720,1,12,29,34,36,37,41,1등,14,1233770358,"1,12,29,34,36,37",149,3,3,2,4
494,721,1,28,35,41,43,44,31,1등,8,2273767360,"1,28,35,41,43,44",192,4,2,1,5
493,722,12,14,21,30,39,43,45,1등,4,4365422719,"12,14,21,30,39,43",159,3,3,3,3
492,723,20,30,33,35,36,44,22,1등,8,2114365360,"20,30,33,35,36,44",198,2,4,1,5
491,724,2,8,33,35,37,41,14,1등,12,1427789813,"2,8,33,35,37,41",156,4,2,2,4
490,725,6,7,19,21,41,43,38,1등,11,1579217250,"6,7,19,21,41,43",137,5,1,4,2
489,726,1,11,21,23,34,44,24,1등,14,1166872634,"1,11,21,23,34,44",134,4,2,3,3
488,727,7,8,10,19,21,31,20,1등,14,1115107742,"7,8,10,19,21,31",96,4,2,5,1
487,728,3,6,10,30,34,37,36,1등,5,3243464400,"3,6,10,30,34,37",120,2,4,3,3
486,729,11,17,21,26,36,45,16,1등,4,4198250719,"11,17,21,26,36,45",156,4,2,3,3
485,730,4,10,14,15,18,22,39,1등,8,2017382110,"4,10,14,15,18,22",83,1,5,6,0
484,731,2,7,13,25,42,45,39,1등,7,2340471054,"2,7,13,25,42,45",134,4,2,3,3
483,732,2,4,5,17,27,32,43,1등,7,2203270608,"2,4,5,17,27,32",87,3,3,4,2
482,733,11,24,32,33,35,40,13,1등,4,4016725125,"11,24,32,33,35,40",175,3,3,1,5
481,734,6,16,37,38,41,45,18,1등,9,1949395500,"6,16,37,38,41,45",183,3,3,2,4
480,735,5,10,13,27,37,41,4,1등,10,1847231588,"5,10,13,27,37,41",133,5,1,3,3
479,736,2,11,17,18,21,27,6,1등,5,3397362225,"2,11,17,18,21,27",96,4,2,5,1
478,737,13,15,18,24,27,41,11,1등,4,4283061000,"13,15,18,24,27,41",138,4,2,3,3
477,738,23,27,28,38,42,43,36,1등,11,1634191091,"23,27,28,38,42,43",201,3,3,0,6
476,739,7,22,29,33,34,35,30,1등,4,4744122282,"7,22,29,33,34,35",160,4,2,2,4
475,740,4,8,9,16,17,19,31,1등,18,936929792,"4,8,9,16,17,19",73,3,3,6,0
474,741,5,21,27,34,44,45,16,1등,6,3043595938,"5,21,27,34,44,45",176,4,2,2,4
473,742,8,10,13,36,37,40,6,1등,16,1111814813,"8,10,13,36,37,40",144,2,4,3,3
472,743,15,19,21,34,41,44,10,1등,7,2608641000,"15,19,21,34,41,44",174,4,2,3,3
471,744,10,15,18,21,34,41,43,1등,15,1155411575,"10,15,18,21,34,41",139,3,3,4,2
470,745,1,2,3,9,12,23,10,1등,20,746822982,"1,2,3,9,12,23",50,4,2,5,1
469,746,3,12,33,36,42,45,25,1등,9,2038623709,"3,12,33,36,42,45",171,3,3,2,4
468,747,7,9,12,14,23,28,17,1등,9,1903214584,"7,9,12,14,23,28",93,3,3,4,2
467,748,3,10,13,22,31,32,29,1등,9,1928246542,"3,10,13,22,31,32",111,3,3,4,2
466,749,12,14,24,26,34,45,41,1등,13,1350104395,"12,14,24,26,34,45",155,1,5,2,4
465,750,1,2,15,19,24,36,12,1등,7,2522104286,"1,2,15,19,24,36",97,3,3,4,2
464,751,3,4,16,20,28,44,17,1등,8,2097968110,"3,4,16,20,28,44",115,1,5,4,2
463,752,4,16,20,33,40,43,7,1등,9,1870358834,"4,16,20,33,40,43",156,2,4,3,3
462,753,2,17,19,24,37,41,3,1등,6,2711105063,"2,17,19,24,37,41",140,4,2,3,3
461,754,2,8,17,24,29,31,32,1등,5,3427542000,"2,8,17,24,29,31",111,3,3,3,3
460,755,13,14,26,28,30,36,37,1등,8,2214427266,"13,14,26,28,30,36",147,1,5,2,4
459,756,10,14,16,18,27,28,4,1등,5,3414434700,"10,14,16,18,27,28",113,1,5,4,2
458,757,6,7,11,17,33,44,1,1등,21,739839858,"6,7,11,17,33,44",118,4,2,4,2
457,758,5,9,12,30,39,43,24,1등,8,2078969954,"5,9,12,30,39,43",138,4,2,3,3
456,759,9,33,36,40,42,43,32,1등,6,3032670500,"9,33,36,40,42,43",203,3,3,1,5
455,760,10,22,27,31,42,43,12,1등,8,2253299391,"10,22,27,31,42,43",175,3,3,2,4
454,761,4,7,11,24,42,45,30,1등,7,2392730518,"4,7,11,24,42,45",133,3,3,3,3
453,762,1,3,12,21,26,41,16,1등,10,1631432063,"1,3,12,21,26,41",104,4,2,4,2
452,763,3,8,16,32,34,43,10,1등,8,2138130000,"3,8,16,32,34,43",136,2,4,3,3
451,764,7,22,24,31,34,36,15,1등,7,2459975465,"7,22,24,31,34,36",154,2,4,2,4
450,765,1,3,8,12,42,43,33,1등,15,1109214250,"1,3,8,12,42,43",109,3,3,4,2
449,766,9,30,34,35,39,41,21,1등,8,2173637297,"9,30,34,35,39,41",188,4,2,1,5
448,767,5,15,20,31,34,42,22,1등,15,1163768725,"5,15,20,31,34,42",147,3,3,3,3
447,768,7,27,29,30,38,44,4,1등,13,1363572260,"7,27,29,30,38,44",175,3,3,1,5
446,769,5,7,11,16,41,45,4,1등,9,1930760042,"5,7,11,16,41,45",125,5,1,4,2
445,770,1,9,12,23,39,43,34,1등,8,2163099329,"1,9,12,23,39,43",127,5,1,3,3
444,771,6,10,17,18,21,29,30,1등,4,4362644907,"6,10,17,18,21,29",101,3,3,5,1
443,772,5,6,11,14,21,41,32,1등,10,1769608838,"5,6,11,14,21,41",98,4,2,5,1
442,773,8,12,19,21,31,35,44,1등,11,1609403080,"8,12,19,21,31,35",126,4,2,4,2
441,774,12,15,18,28,34,42,9,1등,11,1709721512,"12,15,18,28,34,42",149,1,5,3,3
440,775,11,12,29,33,38,42,17,1등,5,3470437650,"11,12,29,33,38,42",165,3,3,2,4
439,776,8,9,18,21,28,40,20,1등,7,2557579393,"8,9,18,21,28,40",124,2,4,4,2
438,777,6,12,17,21,34,37,18,1등,21,833468036,"6,12,17,21,34,37",127,3,3,4,2
437,778,6,21,35,36,37,41,11,1등,3,6264069500,"6,21,35,36,37,41",176,4,2,2,4
436,779,6,12,19,24,34,41,4,1등,11,1527709296,"6,12,19,24,34,41",136,2,4,3,3
435,780,15,17,19,21,27,45,16,1등,11,1667520137,"15,17,19,21,27,45",144,6,0,4,2
434,781,11,16,18,19,24,39,43,1등,9,1882891542,"11,16,18,19,24,39",127,3,3,4,2
433,782,6,18,31,34,38,45,20,1등,9,1946487625,"6,18,31,34,38,45",172,2,4,2,4
432,783,14,15,16,17,38,45,36,1등,4,4603964625,"14,15,16,17,38,45",145,3,3,4,2
431,784,3,10,23,24,31,39,22,1등,9,1908678000,"3,10,23,24,31,39",130,4,2,2,4
430,785,4,6,15,25,26,33,40,1등,6,2886622688,"4,6,15,25,26,33",109,3,3,3,3
429,786,12,15,16,20,24,30,38,1등,4,4551365250,"12,15,16,20,24,30",117,1,5,4,2
428,787,5,6,13,16,27,28,9,1등,6,3092108313,"5,6,13,16,27,28",95,3,3,4,2
427,788,2,10,11,19,35,39,29,1등,13,1401475154,"2,10,11,19,35,39",116,4,2,4,2
426,789,2,6,7,12,19,45,38,1등,15,1140976825,"2,6,7,12,19,45",91,3,3,5,1
425,790,3,8,19,27,30,41,12,1등,16,1160516274,"3,8,19,27,30,41",128,4,2,3,3
424,791,2,10,12,31,33,42,32,1등,14,1253081893,"2,10,12,31,33,42",130,2,4,3,3
423,792,2,7,19,25,29,36,16,1등,7,2655736768,"2,7,19,25,29,36",118,4,2,3,3
422,793,10,15,21,35,38,43,31,1등,5,3750146775,"10,15,21,35,38,43",162,4,2,3,3
421,794,6,7,18,19,30,38,13,1등,7,2650940304,"6,7,18,19,30,38",118,2,4,4,2
420,795,3,10,13,26,34,38,36,1등,11,1714977000,"3,10,13,26,34,38",124,2,4,3,3
419,796,1,21,26,36,40,41,5,1등,7,2763490340,"1,21,26,36,40,41",165,3,3,2,4
418,797,5,22,31,32,39,45,36,1등,8,2397028125,"5,22,31,32,39,45",174,4,2,2,4
417,798,2,10,14,22,32,36,41,1등,7,2710791911,"2,10,14,22,32,36",116,0,6,4,2
416,799,12,17,23,34,42,45,33,1등,10,1826427225,"12,17,23,34,42,45",173,3,3,2,4
415,800,1,4,10,12,28,45,26,1등,11,1632246205,"1,4,10,12,28,45",100,2,4,4,2
414,801,17,25,28,37,43,44,2,1등,8,2256786657,"17,25,28,37,43,44",194,4,2,1,5
413,802,10,11,12,18,24,42,27,1등,16,1082947993,"10,11,12,18,24,42",117,1,5,4,2
412,803,5,9,14,26,30,43,2,1등,5,3663810225,"5,9,14,26,30,43",127,3,3,3,3
411,804,1,10,13,26,32,36,9,1등,11,1631996523,"1,10,13,26,32,36",118,2,4,3,3
410,805,3,12,13,18,31,32,42,1등,4,4266061969,"3,12,13,18,31,32",109,3,3,4,2
409,806,14,20,23,31,37,38,27,1등,7,2640760875,"14,20,23,31,37,38",163,3,3,2,4
408,807,6,10,18,25,34,35,33,1등,7,2437662322,"6,10,18,25,34,35",128,2,4,3,3
407,808,15,21,31,32,41,43,24,1등,6,3087620500,"15,21,31,32,41,43",183,5,1,2,4
406,809,6,11,15,17,23,40,39,1등,6,2921372750,"6,11,15,17,23,40",112,4,2,4,2
405,810,5,10,13,21,39,43,11,1등,8,2231598047,"5,10,13,21,39,43",131,5,1,4,2
404,811,8,11,19,21,36,45,25,1등,7,2524148197,"8,11,19,21,36,45",140,4,2,4,2
403,812,1,3,12,14,16,43,10,1등,6,2947954750,"1,3,12,14,16,43",89,3,3,5,1
402,813,11,30,34,35,42,44,27,1등,4,4591763157,"11,30,34,35,42,44",196,2,4,1,5
401,814,2,21,28,38,42,45,30,1등,6,3067192063,"2,21,28,38,42,45",176,2,4,2,4
400,815,17,21,25,26,27,36,4,1등,7,2579855358,"17,21,25,26,27,36",152,4,2,2,4
399,816,12,18,19,29,31,39,7,1등,8,2128107938,"12,18,19,29,31,39",148,4,2,3,3
398,817,3,9,12,13,25,43,34,1등,9,1868477334,"3,9,12,13,25,43",105,5,1,4,2
397,818,14,15,25,28,29,30,3,1등,13,1380804318,"14,15,25,28,29,30",141,3,3,2,4
396,819,16,25,33,38,40,45,15,1등,7,2594534840,"16,25,33,38,40,45",197,3,3,1,5
395,820,10,21,22,30,35,42,6,1등,4,4627313532,"10,21,22,30,35,42",160,2,4,3,3
394,821,1,12,13,24,29,44,16,1등,14,1316155956,"1,12,13,24,29,44",123,3,3,3,3
393,822,9,18,20,24,27,36,12,1등,3,5930898625,"9,18,20,24,27,36",134,2,4,3,3
392,823,12,18,24,26,39,40,15,1등,9,2009843917,"12,18,24,26,39,40",159,1,5,2,4
391,824,7,9,24,29,34,38,26,1등,15,1256646550,"7,9,24,29,34,38",141,3,3,2,4
390,825,8,15,21,31,33,38,42,1등,12,1658710563,"8,15,21,31,33,38",146,4,2,3,3
389,826,13,16,24,25,33,36,42,1등,9,2075192084,"13,16,24,25,33,36",147,3,3,2,4
388,827,5,11,12,29,33,44,14,1등,15,1206500375,"5,11,12,29,33,44",134,4,2,3,3
387,828,4,7,13,29,31,39,18,1등,13,1455185972,"4,7,13,29,31,39",123,5,1,3,3
386,829,4,5,31,35,43,45,29,1등,8,2444650641,"4,5,31,35,43,45",163,5,1,2,4
385,830,5,6,16,18,37,38,17,1등,9,2060528750,"5,6,16,18,37,38",120,2,4,4,2
384,831,3,10,16,19,31,39,9,1등,16,1110702258,"3,10,16,19,31,39",118,4,2,4,2
383,832,13,14,19,26,40,43,30,1등,9,2088204584,"13,14,19,26,40,43",155,3,3,3,3
382,833,12,18,30,39,41,42,19,1등,8,2356317282,"12,18,30,39,41,42",182,2,4,2,4
381,834,6,8,18,35,42,43,3,1등,11,1690693671,"6,8,18,35,42,43",152,2,4,3,3
380,835,9,10,13,28,38,45,35,1등,15,1233681125,"9,10,13,28,38,45",143,3,3,3,3
379,836,1,9,11,14,26,28,19,1등,14,1257843670,"1,9,11,14,26,28",89,3,3,4,2
378,837,2,25,28,30,33,45,6,1등,6,3144449125,"2,25,28,30,33,45",163,3,3,1,5
377,838,9,14,17,33,36,38,20,1등,5,3813733050,"9,14,17,33,36,38",147,3,3,3,3
376,839,3,9,11,12,13,19,35,1등,13,1359454904,"3,9,11,12,13,19",67,5,1,6,0
375,840,2,4,11,28,29,43,27,1등,10,2042961788,"2,4,11,28,29,43",117,3,3,3,3
374,841,5,11,14,30,33,38,24,1등,17,1116095714,"5,11,14,30,33,38",131,3,3,3,3
373,842,14,26,32,36,39,42,38,1등,10,2035475025,"14,26,32,36,39,42",189,1,5,1,5
372,843,19,21,30,33,34,42,4,1등,5,4012970100,"19,21,30,33,34,42",179,3,3,2,4
371,844,7,8,13,15,33,45,18,1등,18,1162963542,"7,8,13,15,33,45",121,5,1,4,2
370,845,1,16,29,33,40,45,6,1등,11,1891217182,"1,16,29,33,40,45",164,4,2,2,4
369,846,5,18,30,41,43,45,13,1등,13,1596884395,"5,18,30,41,43,45",182,4,2,2,4
368,847,12,16,26,28,30,42,22,1등,8,2520846657,"12,16,26,28,30,42",154,0,6,2,4
367,848,1,2,16,22,38,39,34,1등,7,3011580858,"1,2,16,22,38,39",118,2,4,4,2
366,849,5,13,17,29,34,39,3,1등,17,1158252883,"5,13,17,29,34,39",137,5,1,3,3
365,850,16,20,24,28,36,39,5,1등,6,3377587875,"16,20,24,28,36,39",163,1,5,2,4
364,851,14,18,22,26,31,44,40,1등,8,2483692313,"14,18,22,26,31,44",155,1,5,3,3
363,852,11,17,28,30,33,35,9,1등,4,4801543407,"11,17,28,30,33,35",154,4,2,2,4
362,853,2,8,23,26,27,44,13,1등,7,2885006786,"2,8,23,26,27,44",130,2,4,2,4
361,854,20,25,31,32,36,43,3,1등,6,3421706750,"20,25,31,32,36,43",187,3,3,1,5
360,855,8,15,17,19,43,44,7,1등,9,2269510500,"8,15,17,19,43,44",146,4,2,4,2
359,856,10,24,40,41,43,44,17,1등,5,3977927550,"10,24,40,41,43,44",202,2,4,1,5
358,857,6,10,16,28,34,38,43,1등,15,1284915425,"6,10,16,28,34,38",132,0,6,3,3
357,858,9,13,32,38,39,43,23,1등,9,2202347459,"9,13,32,38,39,43",174,4,2,2,4
356,859,8,22,35,38,39,41,24,1등,11,1853927489,"8,22,35,38,39,41",183,3,3,2,4
355,860,4,8,18,25,27,32,42,1등,10,1879899825,"4,8,18,25,27,32",114,2,4,3,3
354,861,11,17,19,21,22,25,24,1등,4,4872108844,"11,17,19,21,22,25",115,5,1,5,1
353,862,10,34,38,40,42,43,32,1등,9,2190922709,"10,34,38,40,42,43",207,1,5,1,5
352,863,16,21,28,35,39,43,12,1등,7,2853357322,"16,21,28,35,39,43",182,4,2,2,4
351,864,3,7,10,13,25,36,32,1등,11,1716553637,"3,7,10,13,25,36",94,4,2,4,2
350,865,3,15,22,32,33,45,2,1등,13,1551729145,"3,15,22,32,33,45",150,4,2,3,3
349,866,9,15,29,34,37,39,12,1등,9,2240409000,"9,15,29,34,37,39",163,5,1,2,4
348,867,14,17,19,22,24,40,41,1등,5,3933755250,"14,17,19,22,24,40",136,2,4,4,2
347,868,12,17,28,41,43,44,25,1등,6,3233804250,"12,17,28,41,43,44",185,3,3,2,4
346,869,2,6,20,27,37,39,4,1등,10,1922582588,"2,6,20,27,37,39",131,3,3,3,3
345,870,21,25,30,32,40,42,31,1등,10,1928842988,"21,25,30,32,40,42",190,2,4,1,5
344,871,2,6,12,26,30,34,38,1등,7,2718071358,"2,6,12,26,30,34",110,0,6,3,3
343,872,2,4,30,32,33,43,29,1등,16,1262705579,"2,4,30,32,33,43",144,2,4,2,4
342,873,3,5,12,13,33,39,38,1등,10,1874553225,"3,5,12,13,33,39",105,5,1,4,2
341,874,1,15,19,23,28,42,32,1등,18,1117123917,"1,15,19,23,28,42",128,4,2,3,3
340,875,19,22,30,34,39,44,36,1등,14,1415946724,"19,22,30,34,39,44",188,2,4,2,4
339,876,5,16,21,26,34,42,24,1등,19,1090657856,"5,16,21,26,34,42",144,2,4,3,3
338,877,5,17,18,22,23,43,12,1등,12,1716607188,"5,17,18,22,23,43",128,4,2,4,2
337,878,2,6,11,16,25,31,3,1등,6,3207993500,"2,6,11,16,25,31",91,3,3,4,2
336,879,1,4,10,14,15,35,20,1등,6,3206361313,"1,4,10,14,15,35",79,3,3,5,1
335,880,7,17,19,23,24,45,38,1등,7,2837810465,"7,17,19,23,24,45",135,5,1,3,3
334,881,4,18,20,26,27,32,9,1등,8,2503212282,"4,18,20,26,27,32",127,1,5,3,3
333,882,18,34,39,43,44,45,23,1등,5,4127270400,"18,34,39,43,44,45",223,3,3,1,5
332,883,9,18,32,33,37,44,22,1등,15,1360519525,"9,18,32,33,37,44",173,3,3,2,4
331,884,4,14,23,28,37,45,17,1등,12,1799077282,"4,14,23,28,37,45",151,3,3,2,4
330,885,1,3,24,27,39,45,31,1등,13,1543832568,"1,3,24,27,39,45",139,5,1,2,4
329,886,19,23,28,37,42,45,2,1등,7,2974643786,"19,23,28,37,42,45",194,4,2,1,5
328,887,8,14,17,27,36,45,10,1등,8,2535268688,"8,14,17,27,36,45",147,3,3,3,3
327,888,3,7,12,31,34,38,32,1등,8,2370359204,"3,7,12,31,34,38",125,3,3,3,3
326,889,3,13,29,38,39,42,26,1등,10,2108986950,"3,13,29,38,39,42",164,4,2,2,4
325,890,1,4,14,18,29,37,6,1등,9,2335486167,"1,4,14,18,29,37",103,3,3,4,2
324,891,9,13,28,31,39,41,19,1등,7,3082673947,"9,13,28,31,39,41",161,5,1,2,4
323,892,4,9,17,18,26,42,36,1등,17,1282017464,"4,9,17,18,26,42",116,2,4,4,2
322,893,1,15,17,23,25,41,10,1등,9,2377433625,"1,15,17,23,25,41",122,6,0,3,3
321,894,19,32,37,40,41,43,45,1등,9,2377935959,"19,32,37,40,41,43",212,4,2,1,5
320,895,16,26,31,38,39,41,23,1등,12,1928079219,"16,26,31,38,39,41",191,3,3,1,5
319,896,5,12,25,26,38,45,23,1등,7,3053222036,"5,12,25,26,38,45",151,3,3,2,4
318,897,6,7,12,22,26,36,29,1등,13,1619922520,"6,7,12,22,26,36",109,1,5,4,2
317,898,18,21,28,35,37,42,17,1등,8,2639313235,"18,21,28,35,37,42",181,3,3,2,4
316,899,8,19,20,21,33,39,37,1등,6,3359356063,"8,19,20,21,33,39",140,4,2,4,2
315,900,7,13,16,18,35,38,14,1등,6,3349851375,"7,13,16,18,35,38",127,3,3,4,2
314,901,5,18,20,23,30,34,21,1등,9,2267974667,"5,18,20,23,30,34",130,2,4,3,3
313,902,7,19,23,24,36,39,30,1등,13,1619317529,"7,19,23,24,36,39",148,4,2,2,4
312,903,2,15,16,21,22,28,45,1등,13,1684582212,"2,15,16,21,22,28",104,2,4,5,1
311,904,2,6,8,26,43,45,11,1등,8,2718077813,"2,6,8,26,43,45",130,2,4,3,3
310,905,3,4,16,27,38,40,20,1등,7,3017862536,"3,4,16,27,38,40",128,2,4,3,3
309,906,2,5,14,28,31,32,20,1등,9,2472607250,"2,5,14,28,31,32",112,2,4,3,3
308,907,21,27,29,38,40,44,37,1등,7,3165059036,"21,27,29,38,40,44",199,3,3,1,5
307,908,3,16,21,22,23,44,30,1등,8,2834856141,"3,16,21,22,23,44",129,3,3,4,2
306,909,7,24,29,30,34,35,33,1등,11,2021062875,"7,24,29,30,34,35",159,3,3,1,5
305,910,1,11,17,27,35,39,31,1등,21,941316375,"1,11,17,27,35,39",130,6,0,3,3
304,911,4,5,12,14,32,42,35,1등,10,2113538625,"4,5,12,14,32,42",109,1,5,4,2
303,912,5,8,18,21,22,38,10,1등,14,1493500581,"5,8,18,21,22,38",112,2,4,5,1
302,913,6,14,16,21,27,37,40,1등,16,1338755602,"6,14,16,21,27,37",121,3,3,4,2
301,914,16,19,24,33,42,44,27,1등,11,1950005557,"16,19,24,33,42,44",178,2,4,2,4
300,915,2,6,11,13,22,37,14,1등,6,3518640500,"2,6,11,13,22,37",91,3,3,5,1
299,916,6,21,22,32,35,36,17,1등,11,2025384341,"6,21,22,32,35,36",152,2,4,3,3
298,917,1,3,23,24,27,43,34,1등,10,2144799638,"1,3,23,24,27,43",121,5,1,2,4
297,918,7,11,12,31,33,38,5,1등,18,1117622646,"7,11,12,31,33,38",132,4,2,3,3
296,919,9,14,17,18,42,44,35,1등,5,4305150450,"9,14,17,18,42,44",144,2,4,4,2
295,920,2,3,26,33,34,43,29,1등,7,3120260197,"2,3,26,33,34,43",141,3,3,2,4
294,921,5,7,12,22,28,41,1,1등,17,1232573405,"5,7,12,22,28,41",115,3,3,4,2
293,922,2,6,13,17,27,43,36,1등,6,3417904500,"2,6,13,17,27,43",108,4,2,4,2
292,923,3,17,18,23,36,41,26,1등,8,2667554625,"3,17,18,23,36,41",138,4,2,3,3
291,924,3,11,34,42,43,44,13,1등,9,2382430667,"3,11,34,42,43,44",177,3,3,2,4
290,925,13,24,32,34,39,42,4,1등,12,1771080532,"13,24,32,34,39,42",184,2,4,1,5
289,926,10,16,18,20,25,31,6,1등,10,2032490663,"10,16,18,20,25,31",120,2,4,4,2
288,927,4,15,22,38,41,43,26,1등,6,3714203875,"4,15,22,38,41,43",163,3,3,3,3
287,928,3,4,10,20,28,44,30,1등,7,3134591358,"3,4,10,20,28,44",109,1,5,4,2
286,929,7,9,12,15,19,23,4,1등,16,1308035157,"7,9,12,15,19,23",85,5,1,5,1
285,930,8,21,25,38,39,44,28,1등,8,2832418829,"8,21,25,38,39,44",175,3,3,2,4
284,931,14,15,23,25,35,43,32,1등,8,2957108063,"14,15,23,25,35,43",155,5,1,2,4
283,932,1,6,15,36,37,38,5,1등,7,3390022983,"1,6,15,36,37,38",133,3,3,3,3
282,933,23,27,29,31,36,45,37,1등,8,2927797079,"23,27,29,31,36,45",191,5,1,0,6
281,934,1,3,30,33,36,39,12,1등,4,5765772844,"1,3,30,33,36,39",142,4,2,2,4
280,935,4,10,20,32,38,44,18,1등,13,1711055424,"4,10,20,32,38,44",148,0,6,3,3
279,936,7,11,13,17,18,29,43,1등,14,1492069179,"7,11,13,17,18,29",95,5,1,5,1
278,937,2,10,13,22,29,40,26,1등,11,2058420819,"2,10,13,22,29,40",116,2,4,4,2
277,938,4,8,10,16,31,36,9,1등,10,2249466563,"4,8,10,16,31,36",105,1,5,4,2
276,939,4,11,28,39,42,45,6,1등,13,1708363039,"4,11,28,39,42,45",169,3,3,2,4
275,940,3,15,20,22,24,41,11,1등,8,2846071079,"3,15,20,22,24,41",125,3,3,4,2
274,941,12,14,25,27,39,40,35,1등,16,1347297422,"12,14,25,27,39,40",157,3,3,2,4
273,942,10,12,18,35,42,43,39,1등,6,3761680313,"10,12,18,35,42,43",160,2,4,3,3
272,943,1,8,13,36,44,45,39,1등,7,3435045108,"1,8,13,36,44,45",147,3,3,3,3
271,944,2,13,16,19,32,33,42,1등,13,1961836356,"2,13,16,19,32,33",115,3,3,4,2
270,945,9,10,15,30,33,37,26,1등,13,1765554491,"9,10,15,30,33,37",134,4,2,3,3
269,946,9,18,19,30,34,40,20,1등,11,2157656182,"9,18,19,30,34,40",150,2,4,3,3
268,947,3,8,17,20,27,35,26,1등,18,1275855750,"3,8,17,20,27,35",110,4,2,4,2
267,948,13,18,30,31,38,41,5,1등,11,2188548716,"13,18,30,31,38,41",171,3,3,2,4
266,949,14,21,35,36,40,44,30,1등,10,2458569713,"14,21,35,36,40,44",190,2,4,2,4
265,950,3,4,15,22,28,40,10,1등,8,3281920500,"3,4,15,22,28,40",112,2,4,4,2
264,951,2,12,30,31,39,43,38,1등,14,1747552661,"2,12,30,31,39,43",157,3,3,2,4
263,952,4,12,22,24,33,41,38,1등,9,2713699834,"4,12,22,24,33,41",136,2,4,3,3
262,953,7,9,22,27,37,42,34,1등,14,1640636009,"7,9,22,27,37,42",144,4,2,3,3
261,954,1,9,26,28,30,41,32,1등,10,2478795900,"1,9,26,28,30,41",135,3,3,2,4
260,955,4,9,23,26,29,33,8,1등,12,2023170188,"4,9,23,26,29,33",124,4,2,2,4
259,956,10,11,20,21,25,41,40,1등,11,2022982671,"10,11,20,21,25,41",128,4,2,4,2
258,957,4,15,24,35,36,40,1,1등,11,2126634137,"4,15,24,35,36,40",154,2,4,2,4
257,958,2,9,10,16,35,37,1,1등,15,1596119675,"2,9,10,16,35,37",109,3,3,4,2
256,959,1,14,15,24,40,41,35,1등,8,3015312891,"1,14,15,24,40,41",135,3,3,3,3
255,960,2,18,24,30,32,45,14,1등,10,2401133213,"2,18,24,30,32,45",151,1,5,2,4
254,961,11,20,29,31,33,42,43,1등,9,2575231209,"11,20,29,31,33,42",166,4,2,2,4
253,962,1,18,28,31,34,43,40,1등,12,1940906094,"1,18,28,31,34,43",155,3,3,2,4
252,963,6,12,19,23,34,42,35,1등,15,1476478125,"6,12,19,23,34,42",136,2,4,3,3
251,964,6,21,36,38,39,43,30,1등,10,2345861063,"6,21,36,38,39,43",183,3,3,2,4
250,965,2,13,25,28,29,36,34,1등,7,3403348929,"2,13,25,28,29,36",133,3,3,2,4
249,966,1,21,25,29,34,37,36,1등,10,2411303513,"1,21,25,29,34,37",147,5,1,2,4
248,967,1,6,13,37,38,40,9,1등,4,5809776094,"1,6,13,37,38,40",135,3,3,3,3
247,968,2,5,12,14,24,39,33,1등,13,1667729683,"2,5,12,14,24,39",96,2,4,4,2
246,969,3,9,10,29,40,45,7,1등,20,1149427894,"3,9,10,29,40,45",136,4,2,3,3
245,970,9,11,16,21,28,36,5,1등,14,1611544045,"9,11,16,21,28,36",121,3,3,4,2
244,971,2,6,17,18,21,26,7,1등,6,3725880250,"2,6,17,18,21,26",90,2,4,5,1
243,972,3,6,17,23,37,39,26,1등,20,1124886244,"3,6,17,23,37,39",125,5,1,3,3
242,973,22,26,31,37,41,42,24,1등,8,2912742750,"22,26,31,37,41,42",199,3,3,1,5
241,974,1,2,11,16,39,44,32,1등,17,1317034523,"1,2,11,16,39,44",113,3,3,4,2
240,975,7,8,9,17,22,24,5,1등,9,2440410375,"7,8,9,17,22,24",87,3,3,5,1
239,976,4,12,14,25,35,37,2,1등,7,3243867215,"4,12,14,25,35,37",127,3,3,3,3
238,977,2,9,10,14,22,44,16,1등,14,1669905911,"2,9,10,14,22,44",101,1,5,5,1
237,978,1,7,15,32,34,42,8,1등,10,2373391388,"1,7,15,32,34,42",131,3,3,3,3
236,979,7,11,16,21,27,33,24,1등,14,1606400518,"7,11,16,21,27,33",115,5,1,4,2
235,980,3,13,16,23,24,35,14,1등,7,3409443215,"3,13,16,23,24,35",114,4,2,3,3
234,981,27,36,37,41,43,45,32,1등,13,1992863193,"27,36,37,41,43,45",229,5,1,0,6
233,982,5,7,13,20,21,44,33,1등,8,3023630672,"5,7,13,20,21,44",110,4,2,5,1
232,983,13,23,26,31,35,43,15,1등,10,2503422225,"13,23,26,31,35,43",171,5,1,1,5
231,984,3,10,23,35,36,37,18,1등,7,3453006268,"3,10,23,35,36,37",144,4,2,2,4
230,985,17,21,23,30,34,44,19,1등,10,2434752975,"17,21,23,30,34,44",169,3,3,2,4
229,986,7,10,16,28,41,42,40,1등,10,2375275125,"7,10,16,28,41,42",144,2,4,3,3
228,987,2,4,15,23,29,38,7,1등,10,2378711625,"2,4,15,23,29,38",111,3,3,3,3
227,988,2,13,20,30,31,41,27,1등,9,2678489375,"2,13,20,30,31,41",137,3,3,3,3
226,989,17,18,21,27,29,33,26,1등,4,5826768563,"17,18,21,27,29,33",145,5,1,3,3
225,990,2,4,25,26,36,37,28,1등,14,1740095277,"2,4,25,26,36,37",130,2,4,2,4
224,991,13,18,25,31,33,44,38,1등,8,2904166032,"13,18,25,31,33,44",164,4,2,2,4
223,992,12,20,26,33,44,45,24,1등,12,1986955563,"12,20,26,33,44,45",180,2,4,2,4
222,993,6,14,16,18,24,42,44,1등,6,3991197063,"6,14,16,18,24,42",120,0,6,4,2
221,994,1,3,8,24,27,35,28,1등,12,1861582063,"1,3,8,24,27,35",98,4,2,3,3
220,995,1,4,13,29,38,39,7,1등,7,3447271875,"1,4,13,29,38,39",124,4,2,3,3
219,996,6,11,15,24,32,39,28,1등,18,1491185771,"6,11,15,24,32,39",127,3,3,3,3
218,997,4,7,14,16,24,44,20,1등,19,1253749560,"4,7,14,16,24,44",109,1,5,4,2
217,998,13,17,18,20,42,45,41,1등,12,2076499657,"13,17,18,20,42,45",155,3,3,4,2
216,999,1,3,9,14,18,28,34,1등,16,1513274790,"1,3,9,14,18,28",73,3,3,5,1
215,1000,2,8,19,22,32,42,39,1등,22,1246819620,"2,8,19,22,32,42",125,1,5,4,2
214,1001,6,10,12,14,20,42,15,1등,12,2077279594,"6,10,12,14,20,42",104,0,6,5,1
213,1002,17,25,33,35,38,45,15,1등,8,3088449563,"17,25,33,35,38,45",193,5,1,1,5
212,1003,1,4,29,39,43,45,31,1등,14,1811116822,"1,4,29,39,43,45",161,5,1,2,4
211,1004,7,15,30,37,39,44,18,1등,10,2576251913,"7,15,30,37,39,44",172,4,2,2,4
210,1005,8,13,18,24,27,29,17,1등,12,2061199344,"8,13,18,24,27,29",119,3,3,3,3
209,1006,8,11,15,16,17,37,36,1등,9,2855602125,"8,11,15,16,17,37",104,4,2,5,1
208,1007,8,11,16,19,21,25,40,1등,9,2718786375,"8,11,16,19,21,25",100,4,2,5,1
207,1008,9,11,30,31,41,44,33,1등,11,2267377910,"9,11,30,31,41,44",166,4,2,2,4
206,1009,15,23,29,34,40,44,20,1등,15,1702462825,"15,23,29,34,40,44",185,3,3,1,5
205,1010,9,12,15,25,34,36,3,1등,8,3119380079,"9,12,15,25,34,36",131,3,3,3,3
204,1011,1,9,12,26,35,38,42,1등,11,2220348512,"1,9,12,26,35,38",121,3,3,3,3
203,1012,5,11,18,20,35,45,3,1등,13,1861944318,"5,11,18,20,35,45",134,4,2,4,2
202,1013,21,22,26,34,36,41,32,1등,5,5047570725,"21,22,26,34,36,41",180,2,4,2,4
201,1014,3,11,14,18,26,27,21,1등,10,2410449338,"3,11,14,18,26,27",99,3,3,4,2
200,1015,14,23,31,33,37,40,44,1등,8,3051105610,"14,23,31,33,37,40",178,4,2,1,5
199,1016,15,26,28,34,41,42,44,1등,11,2260660671,"15,26,28,34,41,42",186,2,4,1,5
198,1017,12,18,22,23,30,34,32,1등,7,3517684822,"12,18,22,23,30,34",139,1,5,3,3
197,1018,3,19,21,25,37,45,35,1등,2,12361744688,"3,19,21,25,37,45",150,6,0,3,3
196,1019,1,4,13,17,34,39,6,1등,50,438565140,"1,4,13,17,34,39",108,4,2,4,2
195,1020,12,27,29,38,41,45,6,1등,13,1966431520,"12,27,29,38,41,45",192,4,2,1,5
194,1021,12,15,17,24,29,45,16,1등,12,2108962250,"12,15,17,24,29,45",142,4,2,3,3
193,1022,5,6,11,29,42,45,28,1등,5,4866468075,"5,6,11,29,42,45",138,4,2,3,3
192,1023,10,14,16,18,29,35,25,1등,9,2745677875,"10,14,16,18,29,35",122,2,4,4,2
191,1024,9,18,20,22,38,44,10,1등,8,3020323500,"9,18,20,22,38,44",151,1,5,4,2
190,1025,8,9,20,25,29,33,7,1등,4,6118853344,"8,9,20,25,29,33",124,4,2,3,3
189,1026,5,12,13,31,32,41,34,1등,15,1619118475,"5,12,13,31,32,41",134,4,2,3,3
188,1027,14,16,27,35,39,45,5,1등,10,2460504338,"14,16,27,35,39,45",176,4,2,2,4
187,1028,5,7,12,13,18,35,23,1등,20,1181235132,"5,7,12,13,18,35",90,4,2,5,1
186,1029,12,30,32,37,39,41,24,1등,10,2527848450,"12,30,32,37,39,41",191,3,3,1,5
185,1030,2,5,11,17,24,29,9,1등,19,1276406507,"2,5,11,17,24,29",88,4,2,4,2
184,1031,6,7,22,32,35,36,19,1등,8,3213957563,"6,7,22,32,35,36",138,2,4,3,3
183,1032,1,6,12,19,36,42,28,1등,10,2675257538,"1,6,12,19,36,42",116,2,4,4,2
182,1033,3,11,15,20,35,44,10,1등,13,1913414943,"3,11,15,20,35,44",128,4,2,4,2
181,1034,26,31,32,33,38,40,11,1등,9,2868856209,"26,31,32,33,38,40",200,2,4,0,6
180,1035,9,14,34,35,41,42,2,1등,8,3231193735,"9,14,34,35,41,42",175,3,3,2,4
179,1036,2,5,22,32,34,45,39,1등,9,2837323167,"2,5,22,32,34,45",140,2,4,3,3
178,1037,2,14,15,22,27,33,31,1등,15,1708576825,"2,14,15,22,27,33",113,3,3,4,2
177,1038,7,16,24,27,37,44,2,1등,15,1627457225,"7,16,24,27,37,44",155,3,3,2,4
176,1039,2,3,6,19,36,39,26,1등,16,1585019672,"2,3,6,19,36,39",105,3,3,4,2
175,1040,8,16,26,29,31,36,11,1등,7,3660482625,"8,16,26,29,31,36",146,2,4,2,4
174,1041,6,7,9,11,17,18,45,1등,25,935091165,"6,7,9,11,17,18",68,4,2,6,0
173,1042,5,14,15,23,34,43,4,1등,20,1240663669,"5,14,15,23,34,43",134,4,2,3,3
172,1043,3,5,12,22,26,31,19,1등,17,1468646956,"3,5,12,22,26,31",99,3,3,4,2
171,1044,12,17,20,26,28,36,4,1등,8,3136941235,"12,17,20,26,28,36",139,1,5,3,3
170,1045,6,14,15,19,21,41,37,1등,13,1990060443,"6,14,15,19,21,41",116,4,2,5,1
169,1046,7,16,25,29,35,36,28,1등,12,2011415719,"7,16,25,29,35,36",148,4,2,2,4
168,1047,2,20,33,40,42,44,32,1등,9,2748797875,"2,20,33,40,42,44",181,1,5,2,4
167,1048,6,12,17,21,32,39,30,1등,17,1612494508,"6,12,17,21,32,39",127,3,3,4,2
166,1049,3,5,13,20,21,37,17,1등,15,1727810100,"3,5,13,20,21,37",99,5,1,5,1
165,1050,6,12,31,35,38,43,17,1등,17,1535083280,"6,12,31,35,38,43",165,3,3,2,4
164,1051,21,26,30,32,33,35,44,1등,18,1669558480,"21,26,30,32,33,35",177,3,3,1,5
163,1052,5,17,26,27,35,38,1,1등,11,2341682762,"5,17,26,27,35,38",148,4,2,2,4
162,1053,22,26,29,30,34,45,15,1등,7,4090367411,"22,26,29,30,34,45",186,2,4,1,5
161,1054,14,19,27,28,30,45,33,1등,9,3147925709,"14,19,27,28,30,45",163,3,3,2,4
160,1055,4,7,12,14,22,33,31,1등,11,2362815205,"4,7,12,14,22,33",92,2,4,5,1
159,1056,13,20,24,32,36,45,29,1등,14,1969662456,"13,20,24,32,36,45",170,2,4,2,4
158,1057,8,13,19,27,40,45,12,1등,17,1616069714,"8,13,19,27,40,45",152,4,2,3,3
157,1058,11,23,25,30,32,40,42,1등,13,2058020250,"11,23,25,30,32,40",161,3,3,1,5
156,1059,7,10,22,25,34,40,27,1등,13,2033168481,"7,10,22,25,34,40",138,2,4,3,3
155,1060,3,10,24,33,38,45,36,1등,28,898238907,"3,10,24,33,38,45",153,3,3,2,4
154,1061,4,24,27,35,37,45,15,1등,11,2422768773,"4,24,27,35,37,45",172,4,2,1,5
153,1062,20,31,32,40,41,45,12,1등,7,3801933804,"20,31,32,40,41,45",209,3,3,1,5
152,1063,3,6,22,23,24,38,30,1등,7,3770311875,"3,6,22,23,24,38",116,2,4,3,3
151,1064,3,6,9,18,22,35,14,1등,19,1348168106,"3,6,9,18,22,35",93,3,3,5,1
150,1065,3,18,19,23,32,45,24,1등,14,1852593938,"3,18,19,23,32,45",140,4,2,3,3
149,1066,6,11,16,19,21,32,45,1등,15,1670947250,"6,11,16,19,21,32",105,3,3,5,1
148,1067,7,10,19,23,28,33,18,1등,13,1981114010,"7,10,19,23,28,33",120,4,2,3,3
147,1068,4,7,19,26,33,35,3,1등,19,1363929514,"4,7,19,26,33,35",124,4,2,3,3
146,1069,1,10,18,22,28,31,44,1등,14,1863217554,"1,10,18,22,28,31",110,2,4,4,2
145,1070,3,6,14,22,30,41,36,1등,14,1859116929,"3,6,14,22,30,41",116,2,4,4,2
144,1071,1,2,11,21,30,35,39,1등,5,5183979750,"1,2,11,21,30,35",100,4,2,4,2
143,1072,16,18,20,23,32,43,27,1등,12,2175006375,"16,18,20,23,32,43",152,2,4,3,3
142,1073,6,18,28,30,32,38,15,1등,11,2345227603,"6,18,28,30,32,38",152,0,6,2,4
141,1074,1,6,20,27,28,41,15,1등,12,2134763657,"1,6,20,27,28,41",123,3,3,3,3
140,1075,1,23,24,35,44,45,10,1등,9,2896337167,"1,23,24,35,44,45",172,4,2,1,5
139,1076,3,7,9,33,36,37,10,1등,9,2672689750,"3,7,9,33,36,37",125,5,1,3,3
138,1077,4,8,17,30,40,43,34,1등,7,3570901018,"4,8,17,30,40,43",142,2,4,3,3
137,1078,6,10,11,14,36,38,43,1등,12,2141604938,"6,10,11,14,36,38",115,1,5,4,2
136,1079,4,8,18,24,37,45,6,1등,9,2712329417,"4,8,18,24,37,45",136,2,4,3,3
135,1080,13,16,23,31,36,44,38,1등,7,3639444429,"13,16,23,31,36,44",163,3,3,2,4
134,1081,1,9,16,23,24,38,17,1등,11,2343892944,"1,9,16,23,24,38",111,3,3,3,3
133,1082,21,26,27,32,34,42,31,1등,7,3720489643,"21,26,27,32,34,42",182,2,4,1,5
132,1083,3,7,14,15,22,38,17,1등,15,1713084525,"3,7,14,15,22,38",99,3,3,5,1
131,1084,8,12,13,29,33,42,5,1등,15,1738764600,"8,12,13,29,33,42",137,3,3,3,3
130,1085,4,7,17,18,38,44,36,1등,23,1073277473,"4,7,17,18,38,44",128,2,4,4,2
129,1086,11,16,25,27,35,36,37,1등,17,1515913809,"11,16,25,27,35,36",150,4,2,2,4
128,1087,13,14,18,21,34,44,16,1등,16,1732253602,"13,14,18,21,34,44",144,2,4,4,2
127,1088,11,21,22,30,39,44,31,1등,11,2434697898,"11,21,22,30,39,44",167,3,3,3,3
126,1089,4,18,31,37,42,43,40,1등,9,2978522167,"4,18,31,37,42,43",175,3,3,2,4
125,1090,12,19,21,29,40,45,1,1등,11,2386494614,"12,19,21,29,40,45",166,4,2,3,3
124,1091,6,20,23,24,28,30,44,1등,9,2898470459,"6,20,23,24,28,30",131,1,5,2,4
123,1092,7,18,19,26,33,45,37,1등,16,1583289844,"7,18,19,26,33,45",148,4,2,3,3
122,1093,10,17,22,30,35,43,44,1등,13,1967040750,"10,17,22,30,35,43",157,3,3,3,3
121,1094,6,7,15,22,26,40,41,1등,12,2112854469,"6,7,15,22,26,40",116,2,4,4,2
120,1095,8,14,28,29,34,40,12,1등,10,2617825575,"8,14,28,29,34,40",153,1,5,2,4
119,1096,1,12,16,19,23,43,34,1등,10,2539391175,"1,12,16,19,23,43",114,4,2,4,2
118,1097,14,33,34,35,37,40,4,1등,7,3864293090,"14,33,34,35,37,40",193,3,3,1,5
117,1098,12,16,21,24,41,43,15,1등,13,1930461895,"12,16,21,24,41,43",157,3,3,3,3
116,1099,3,20,28,38,40,43,4,1등,9,2959934125,"3,20,28,38,40,43",172,2,4,2,4
115,1100,17,26,29,30,31,43,12,1등,13,2207575472,"17,26,29,30,31,43",176,4,2,1,5
114,1101,6,7,13,28,36,42,41,1등,13,2100529500,"6,7,13,28,36,42",132,2,4,3,3
113,1102,13,14,22,26,37,38,20,1등,20,1383591413,"13,14,22,26,37,38",150,2,4,3,3
112,1103,10,12,29,31,40,44,2,1등,17,1574419633,"10,12,29,31,40,44",166,2,4,2,4
111,1104,1,7,21,30,35,38,2,1등,15,1817193100,"1,7,21,30,35,38",132,4,2,3,3
110,1105,6,16,34,37,39,40,11,1등,15,1834853800,"6,16,34,37,39,40",172,2,4,2,4
109,1106,1,3,4,29,42,45,36,1등,11,2790462819,"1,3,4,29,42,45",124,4,2,3,3
108,1107,6,14,30,31,40,41,29,1등,14,2025625233,"6,14,30,31,40,41",162,2,4,2,4
107,1108,7,19,26,37,39,44,27,1등,14,1957990849,"7,19,26,37,39,44",172,4,2,2,4
106,1109,10,12,13,19,33,40,2,1등,17,1584352875,"10,12,13,19,33,40",127,3,3,4,2
105,1110,3,7,11,20,22,41,24,1등,16,1647392719,"3,7,11,20,22,41",104,4,2,5,1
104,1111,3,13,30,33,43,45,4,1등,16,1714662540,"3,13,30,33,43,45",167,5,1,2,4
103,1112,16,20,26,36,42,44,24,1등,10,2804455650,"16,20,26,36,42,44",184,0,6,2,4
102,1113,11,13,20,21,32,44,8,1등,14,1987426822,"11,13,20,21,32,44",141,3,3,4,2
101,1114,10,16,19,32,33,38,3,1등,17,1583813824,"10,16,19,32,33,38",148,2,4,3,3
100,1115,7,12,23,32,34,36,8,1등,12,2257278282,"7,12,23,32,34,36",144,2,4,2,4
99,1116,15,16,17,25,30,31,32,1등,10,2695000238,"15,16,17,25,30,31",134,4,2,3,3
98,1117,3,4,9,30,33,36,7,1등,9,3028385542,"3,4,9,30,33,36",115,3,3,3,3
97,1118,11,13,14,15,16,45,3,1등,19,1477445132,"11,13,14,15,16,45",114,4,2,5,1
96,1119,1,9,12,13,20,45,3,1등,19,1396028764,"1,9,12,13,20,45",100,4,2,5,1
95,1120,2,19,26,31,38,41,34,1등,11,2522163375,"2,19,26,31,38,41",157,3,3,2,4
94,1121,6,24,31,32,38,44,8,1등,11,2524513262,"6,24,31,32,38,44",175,1,5,1,5
93,1122,3,6,21,30,34,35,22,1등,11,2556266046,"3,6,21,30,34,35",129,3,3,3,3
92,1123,13,19,21,24,34,35,26,1등,16,1731310711,"13,19,21,24,34,35",146,4,2,3,3
91,1124,3,8,17,30,33,34,28,1등,10,2623327913,"3,8,17,30,33,34",125,3,3,3,3
90,1125,6,14,25,33,40,44,30,1등,12,2195289188,"6,14,25,33,40,44",162,2,4,2,4
89,1126,4,5,9,11,37,40,7,1등,11,2386382421,"4,5,9,11,37,40",106,4,2,4,2
88,1127,10,15,24,30,31,37,32,1등,12,2267891969,"10,15,24,30,31,37",147,3,3,2,4
87,1128,1,5,8,16,28,33,45,1등,63,419925560,"1,5,8,16,28,33",91,3,3,4,2
86,1129,5,10,11,17,28,34,22,1등,11,2369567660,"5,10,11,17,28,34",105,3,3,4,2
85,1130,15,19,21,25,27,28,40,1등,12,2263301219,"15,19,21,25,27,28",135,5,1,3,3
84,1131,1,2,6,14,27,38,33,1등,17,1542367898,"1,2,6,14,27,38",88,2,4,4,2
83,1132,6,7,19,28,34,41,5,1등,11,2404951807,"6,7,19,28,34,41",135,3,3,3,3
82,1133,13,14,20,28,29,34,23,1등,13,2105079491,"13,14,20,28,29,34",138,2,4,3,3
81,1134,3,7,9,13,19,24,23,1등,14,1755689384,"3,7,9,13,19,24",75,5,1,5,1
80,1135,1,6,13,19,21,33,4,1등,9,2953726125,"1,6,13,19,21,33",93,5,1,5,1
79,1136,21,33,35,38,42,44,1,1등,12,2314468157,"21,33,35,38,42,44",213,3,3,1,5
78,1137,4,9,12,15,33,45,26,1등,14,2023447688,"4,9,12,15,33,45",118,4,2,4,2
77,1138,14,16,19,20,29,34,35,1등,14,1902656786,"14,16,19,20,29,34",132,2,4,4,2
76,1139,5,12,15,30,37,40,18,1등,13,2167490972,"5,12,15,30,37,40",139,3,3,3,3
75,1140,7,10,22,29,31,38,15,1등,12,2279823938,"7,10,22,29,31,38",137,3,3,3,3
74,1141,7,11,12,21,26,35,20,1등,11,2457758285,"7,11,12,21,26,35",112,4,2,4,2
73,1142,2,8,28,30,37,41,22,1등,9,3117517709,"2,8,28,30,37,41",146,2,4,2,4
72,1143,10,16,17,27,28,36,6,1등,11,2545657023,"10,16,17,27,28,36",134,2,4,3,3
71,1144,3,4,12,15,26,34,6,1등,18,1489347375,"3,4,12,15,26,34",94,2,4,4,2
70,1145,2,11,31,33,37,44,32,1등,9,3051630084,"2,11,31,33,37,44",158,4,2,2,4
69,1146,6,11,17,19,40,43,28,1등,11,2526476353,"6,11,17,19,40,43",136,4,2,4,2
68,1147,7,11,24,26,27,37,32,1등,8,3323422079,"7,11,24,26,27,37",132,4,2,2,4
67,1148,3,6,13,15,16,22,32,1등,13,2073332308,"3,6,13,15,16,22",75,3,3,6,0
66,1149,8,15,19,21,32,36,38,1등,17,1613380765,"8,15,19,21,32,36",131,3,3,4,2
65,1150,8,9,18,35,39,45,25,1등,17,1570620309,"8,9,18,35,39,45",154,4,2,3,3
64,1151,2,3,9,15,27,29,8,1등,17,1620503030,"2,3,9,15,27,29",85,5,1,4,2
63,1152,30,31,32,35,36,37,5,1등,35,874349668,"30,31,32,35,36,37",201,3,3,0,6
62,1153,1,9,10,13,35,44,5,1등,15,2027312925,"1,9,10,13,35,44",112,4,2,4,2
61,1154,4,8,22,26,32,38,27,1등,15,1854965425,"4,8,22,26,32,38",130,0,6,3,3
60,1155,10,16,19,27,37,38,13,1등,7,4066375179,"10,16,19,27,37,38",147,3,3,3,3
59,1156,30,31,34,39,41,45,7,1등,21,1505207090,"30,31,34,39,41,45",220,4,2,0,6
58,1157,5,7,12,20,25,26,28,1등,12,2257842157,"5,7,12,20,25,26",95,3,3,4,2
57,1158,21,25,27,32,37,38,20,1등,21,1394358197,"21,25,27,32,37,38",180,4,2,1,5
56,1159,3,9,27,28,38,39,7,1등,23,1284854250,"3,9,27,28,38,39",144,4,2,2,4
55,1160,7,13,18,36,39,45,19,1등,12,2509359875,"7,13,18,36,39,45",158,4,2,3,3
54,1161,2,12,20,24,34,42,37,1등,16,1792657969,"2,12,20,24,34,42",134,0,6,3,3
53,1162,20,21,22,25,28,29,6,1등,36,823931021,"20,21,22,25,28,29",145,3,3,3,3
52,1163,2,13,15,16,33,43,4,1등,15,1936891150,"2,13,15,16,33,43",122,4,2,4,2
51,1164,17,18,23,25,38,39,22,1등,13,2193092164,"17,18,23,25,38,39",160,4,2,2,4
50,1165,6,7,27,29,38,45,17,1등,13,2192485270,"6,7,27,29,38,45",152,4,2,2,4
49,1166,14,23,25,27,29,42,16,1등,14,2072319938,"14,23,25,27,29,42",160,4,2,1,5
48,1167,8,23,31,35,39,40,24,1등,10,2884087913,"8,23,31,35,39,40",176,4,2,1,5
47,1168,9,21,24,30,33,37,29,1등,13,2136635914,"9,21,24,30,33,37",154,4,2,2,4
46,1169,5,12,24,26,39,42,20,1등,10,2852735813,"5,12,24,26,39,42",148,2,4,2,4
45,1170,3,13,28,34,38,42,25,1등,20,1386550969,"3,13,28,34,38,42",158,2,4,2,4
44,1171,3,6,7,11,12,17,19,1등,21,1128345286,"3,6,7,11,12,17",56,4,2,6,0
43,1172,7,9,24,40,42,44,45,1등,13,2203004452,"7,9,24,40,42,44",166,2,4,2,4
42,1173,1,5,18,20,30,35,3,1등,24,1179946063,"1,5,18,20,30,35",109,3,3,4,2
41,1174,8,11,14,17,36,39,22,1등,15,1910619425,"8,11,14,17,36,39",125,3,3,4,2
40,1175,3,4,6,8,32,42,31,1등,20,1384026094,"3,4,6,8,32,42",95,1,5,4,2
39,1176,7,9,11,21,30,35,29,1등,13,2052166154,"7,9,11,21,30,35",113,5,1,4,2
38,1177,3,7,15,16,19,43,21,1등,6,4576672000,"3,7,15,16,19,43",103,5,1,5,1
37,1178,5,6,11,27,43,44,17,1등,12,2391608407,"5,6,11,27,43,44",136,4,2,3,3
36,1179,3,16,18,24,40,44,21,1등,13,2162821097,"3,16,18,24,40,44",145,1,5,3,3
35,1180,6,12,18,37,40,41,3,1등,11,2535566421,"6,12,18,37,40,41",154,2,4,3,3
34,1181,8,10,14,20,33,41,28,1등,17,1593643500,"8,10,14,20,33,41",126,2,4,4,2
33,1182,1,13,21,25,28,31,22,1등,13,2124785424,"1,13,21,25,28,31",119,5,1,3,3
32,1183,4,15,17,23,27,36,31,1등,13,2073966000,"4,15,17,23,27,36",122,4,2,3,3
31,1184,14,16,23,25,31,37,42,1등,15,1910655600,"14,16,23,25,31,37",146,4,2,2,4
30,1185,6,17,22,28,29,32,38,1등,12,2388695125,"6,17,22,28,29,32",134,2,4,3,3
29,1186,2,8,13,16,23,28,35,1등,14,1985676911,"2,8,13,16,23,28",90,2,4,4,2
28,1187,5,13,26,29,37,40,42,1등,11,2619380012,"5,13,26,29,37,40",150,4,2,2,4
27,1188,3,4,12,19,22,27,9,1등,24,1074625172,"3,4,12,19,22,27",87,3,3,5,1
26,1189,9,19,29,35,37,38,31,1등,13,2263651299,"9,19,29,35,37,38",167,5,1,2,4
25,1190,7,9,19,23,26,45,33,1등,6,4622793813,"7,9,19,23,26,45",129,5,1,3,3
24,1191,1,4,11,12,20,41,2,1등,18,1536334355,"1,4,11,12,20,41",89,3,3,5,1
23,1192,10,16,23,36,39,40,11,1등,29,1079546587,"10,16,23,36,39,40",164,2,4,2,4
22,1193,6,9,16,19,24,28,17,1등,16,1717013508,"6,9,16,19,24,28",102,2,4,4,2
21,1194,3,13,15,24,33,37,2,1등,28,985155349,"3,13,15,24,33,37",125,5,1,3,3
20,1195,3,15,27,33,34,36,37,1등,10,2939186738,"3,15,27,33,34,36",148,4,2,2,4
19,1196,8,12,15,29,40,45,14,1등,15,2001627550,"8,12,15,29,40,45",149,3,3,3,3
18,1197,1,5,7,26,28,43,30,1등,13,2205089827,"1,5,7,26,28,43",110,4,2,3,3
17,1198,26,30,33,38,39,41,21,1등,10,2953686638,"26,30,33,38,39,41",207,3,3,0,6
16,1199,16,24,25,30,31,32,7,1등,17,1695609839,"16,24,25,30,31,32",158,2,4,1,5
15,1200,1,2,4,16,20,32,45,1등,12,2357299875,"1,2,4,16,20,32",75,1,5,5,1
14,1201,7,9,24,27,35,36,37,1등,19,1414555718,"7,9,24,27,35,36",138,4,2,2,4
13,1202,5,12,21,33,37,40,7,1등,14,1920410813,"5,12,21,33,37,40",148,4,2,3,3
12,1203,3,6,18,29,35,39,24,1등,21,1368060733,"3,6,18,29,35,39",130,4,2,3,3
11,1204,8,16,28,30,31,44,27,1등,18,1661007688,"8,16,28,30,31,44",157,1,5,2,4
10,1205,1,4,16,23,31,41,2,1등,10,3226386263,"1,4,16,23,31,41",116,4,2,3,3
9,1206,1,3,17,26,27,42,23,1등,15,1868807000,"1,3,17,26,27,42",116,4,2,3,3
8,1207,10,22,24,27,38,45,11,1등,17,1733202949,"10,22,24,27,38,45",166,2,4,2,4
7,1208,6,27,30,36,38,42,25,1등,6,5001713625,"6,27,30,36,38,42",179,1,5,1,5
6,1209,2,17,20,35,37,39,24,1등,22,1371910466,"2,17,20,35,37,39",150,4,2,3,3
5,1210,1,7,9,17,27,38,31,1등,24,1102298407,"1,7,9,17,27,38",99,5,1,4,2
4,1211,23,26,27,35,38,40,10,1등,14,2370956036,"23,26,27,35,38,40",189,3,3,0,6
3,1212,5,8,25,31,41,44,45,1등,12,2654089032,"5,8,25,31,41,44",154,4,2,2,4
2,1213,5,11,25,27,36,38,2,1등,18,1740011646,"5,11,25,27,36,38",142,4,2,2,4
1,1214,10,15,19,27,30,33,14,1등,12,2431577188,"10,15,19,27,30,33",134,4,2,3,3
